source,2010-01-01T00:00:00Z,2010-02-01T00:00:00Z,2010-03-01T00:00:00Z,2010-04-01T00:00:00Z,2010-05-01T00:00:00Z,2010-06-01T00:00:00Z,2010-08-01T00:00:00Z,2010-09-01T00:00:00Z,2010-10-01T00:00:00Z,2010-11-01T00:00:00Z,2010-12-01T00:00:00Z,2011-01-01T00:00:00Z,2011-03-01T00:00:00Z,2011-04-01T00:00:00Z,2011-08-01T00:00:00Z,2011-10-01T00:00:00Z,2011-12-01T00:00:00Z,2012-01-01T00:00:00Z,2012-02-01T00:00:00Z,2012-03-01T00:00:00Z,2012-04-01T00:00:00Z,2012-05-01T00:00:00Z,2012-06-01T00:00:00Z,2012-07-01T00:00:00Z,2012-08-01T00:00:00Z,2012-09-01T00:00:00Z,2012-10-01T00:00:00Z,2012-11-01T00:00:00Z,2012-12-01T00:00:00Z,2013-01-01T00:00:00Z,2013-02-01T00:00:00Z,2013-03-01T00:00:00Z,2013-04-01T00:00:00Z,2013-05-01T00:00:00Z,2013-06-01T00:00:00Z,2013-07-01T00:00:00Z,2013-08-01T00:00:00Z,2013-09-01T00:00:00Z,2013-10-01T00:00:00Z,2013-11-01T00:00:00Z,2013-12-01T00:00:00Z,2014-01-01T00:00:00Z,2014-02-01T00:00:00Z,2014-03-01T00:00:00Z,2014-04-01T00:00:00Z,2014-05-01T00:00:00Z,2014-06-01T00:00:00Z,2014-07-01T00:00:00Z,2014-08-01T00:00:00Z,2014-09-01T00:00:00Z,2014-11-01T00:00:00Z,2014-12-01T00:00:00Z,2015-01-01T00:00:00Z,2015-02-01T00:00:00Z,2015-03-01T00:00:00Z,2015-04-01T00:00:00Z,2015-05-01T00:00:00Z,2015-06-01T00:00:00Z,2015-07-01T00:00:00Z,2015-08-01T00:00:00Z,2015-09-01T00:00:00Z,2015-10-01T00:00:00Z,2015-11-01T00:00:00Z,2015-12-01T00:00:00Z,2016-01-01T00:00:00Z,2016-02-01T00:00:00Z,2016-03-01T00:00:00Z,2016-04-01T00:00:00Z,2016-05-01T00:00:00Z,2016-06-01T00:00:00Z,2016-07-01T00:00:00Z,2016-08-01T00:00:00Z,2016-09-01T00:00:00Z,2016-10-01T00:00:00Z,2016-11-01T00:00:00Z,2016-12-01T00:00:00Z,2017-01-01T00:00:00Z,2017-02-01T00:00:00Z,2017-03-01T00:00:00Z,2017-04-01T00:00:00Z,2017-05-01T00:00:00Z,2017-06-01T00:00:00Z,2017-07-01T00:00:00Z,2017-08-01T00:00:00Z,2017-09-01T00:00:00Z,2017-10-01T00:00:00Z,2017-11-01T00:00:00Z,2017-12-01T00:00:00Z,2018-01-01T00:00:00Z,2018-02-01T00:00:00Z,2018-03-01T00:00:00Z,2018-04-01T00:00:00Z,2018-05-01T00:00:00Z,2018-06-01T00:00:00Z,2018-07-01T00:00:00Z,2018-08-01T00:00:00Z,2018-09-01T00:00:00Z,2018-10-01T00:00:00Z,2018-11-01T00:00:00Z,2018-12-01T00:00:00Z,2019-01-01T00:00:00Z,2019-02-01T00:00:00Z,2019-03-01T00:00:00Z,2019-04-01T00:00:00Z,2019-05-01T00:00:00Z,2019-06-01T00:00:00Z,2019-07-01T00:00:00Z,2019-08-01T00:00:00Z,2019-09-01T00:00:00Z,2019-10-01T00:00:00Z,2019-11-01T00:00:00Z,2019-12-01T00:00:00Z,2020-01-01T00:00:00Z,2020-02-01T00:00:00Z,2020-03-01T00:00:00Z,2020-04-01T00:00:00Z,2020-05-01T00:00:00Z,2020-06-01T00:00:00Z,2020-07-01T00:00:00Z,2020-08-01T00:00:00Z,2020-09-01T00:00:00Z,2020-10-01T00:00:00Z,2020-11-01T00:00:00Z,2020-12-01T00:00:00Z
3D Bioprinting,,,,,,,,,,,,,,,,,,,,,,,,,,,,,,,,,,,,,,,,,,,,,,,,,,,,,,1.0,,,,,,,,2.0,,,,,,,1.0,,1.0,,,,,4.0,,,1.0,,,1.0,,,,,,,1.0,1.0,,,,2.0,,,,,1.0,1.0,,,,,,,,,,1.0,,,,,,,,,,,,,,
3D metal printing,,,,,,,,,,,,,,,,,,,,,,,,,,,,,,,,,,,,,,,,,,,,,,,,,,,,,,,,,,,,,,,,,,,,,,,,,,,,,,,,,,,,,,,,,,,,,,,,,,,,,,,1.0,,,,,,,,1.0,,,,,,,,,,,1.0,,
4d printing,,,,,,,,,,,,,,,,,,,,,,,,,,,,,,,,,,,,,,,,,,,,,,,,,,,,,,,,,,,,,,,,,,,,,,1.0,,,,2.0,2.0,,,,,2.0,,9.0,5.0,2.0,1.0,,,,1.0,,,1.0,,,1.0,,1.0,1.0,,,,,,,2.0,,,,,,,,,,,,,,,,,,,
5g,,,,,,,,,,,,,,,,,,,,,,,,,,,,,,,,,,1.0,,,,,,,,,,,,,2.0,,,,,5.0,14.0,5.0,27.0,9.0,8.0,14.0,49.0,19.0,27.0,5.0,32.0,16.0,10.0,33.0,16.0,10.0,,4.0,31.0,13.0,11.0,12.0,9.0,6.0,5.0,29.0,4.0,3.0,34.0,19.0,27.0,8.0,14.0,28.0,42.0,11.0,24.0,38.0,24.0,60.0,29.0,22.0,14.0,28.0,29.0,34.0,24.0,37.0,58.0,79.0,47.0,47.0,57.0,20.0,15.0,23.0,15.0,19.0,19.0,39.0,36.0,58.0,23.0,28.0,15.0,53.0,26.0,33.0,21.0,26.0,23.0,45.0
6G,,,,,,,,,,,,,,,,,,,,,,,,,,,,,,,,,,,,,,,,,,,,,,,,,,,,,,,,,,,,,,,,,,,,,,,,,,,,,,,,,,,,,,,,,,,,,,,,,2.0,,,1.0,4.0,2.0,,,,,,1.0,,,1.0,3.0,4.0,,,1.0,,,,,2.0,,,
Adaptive Learning Technology,,,,,,,,,,,,,,,,,,,,,,,,,,,,,,,,,,,,,,,,,,,,,,,,,,,,,,,,,,,,,,,,,,,,,,2.0,,,,,,,,,,,,,,,,,,,,,,,,,,,,,,,,,,,,,,,,,,,,,,,,,,,,,,
Aerogel,,,,,,,,,,,,,,,,,,,,,,,,,,,,,,,,,,,,,,,,,,,,,,,,,,,,,2.0,,,,,,,,,1.0,,,,,,,1.0,,,,2.0,,,1.0,1.0,,,,,,,,,,,2.0,1.0,1.0,2.0,,2.0,2.0,1.0,2.0,,,,1.0,2.0,1.0,2.0,2.0,,,,,,,,,,,,,,,,,,,,
Aeroponics,,,,,,,,,,,,,,,,,,,,,,,,,,,,,,,,,,,,,,,,,,,,,,,,,,,,,,,,,,,,,,,,,,,,,,,,,,,,,,,,,2.0,,,,,,,,,,,,,,,,1.0,1.0,,,,1.0,,,,,,,,,,,,,,,,,,,,,,
Amorphous metal,,,,,,,,,,,,,,,,,,,,,,,,,,,,,,,,,,,,,,,,,,,,,,,,,,,,,,,,,,,,,,,,,,,,,,,,,,,,,,,1.0,,2.0,,,,,,,,,,,,,,,,,,,,,2.0,,,,1.0,,,,,,,,,,,,3.0,,,,,,
Apheresis,,,,,,,,,,,,,,,,,,,,,,,,,,,,,,,,,,,,,,,,,,,,,,,,,,,,,,1.0,,2.0,,,,,,7.0,1.0,2.0,,1.0,,,,,,,,,1.0,2.0,1.0,2.0,1.0,,1.0,1.0,,,,1.0,,1.0,2.0,1.0,,,2.0,,,,1.0,,,,,,,,,,,4.0,,,,1.0,1.0,4.0,,,,,,,,,,
Artificial brain,,,,,,,,,,,,,,,,,,,,,,,,,,,,,,,,,,,,,,,,,,,,,,,,,,,,,,,,,,,,,,,,,,,,,,,,1.0,,,,,,,,,,,,,,,,,,,,,,,,,,,,,,,,,,,,,,,,,,,,,,,,,,,,
Artificial gravity,,,,,,,,,,,,,,,,,,,,,,,,,,,,,,,,,,,,,,,,,,,,,,,,,,,,,,,,,,,,,,,,,,,,,,,,,,,,,,,,,,,,,,,,,,,,,,,,,3.0,,,,,,,,,,,,,,,,,,,,,,,,,,,
Artificial muscle,,,,,,,,,,,,,,,,,,,,,,,,,,,,,,,,,,,,,,,,,,,,,,,,,,,,,,,,,,,,16.0,,,,,1.0,,,,,,,,,,,,,,,,,,,,,,,,,,,,,,,,,,,,,,,,,,,,,,1.0,,,,,,,,,,,,,
Artificial photosynthesis,1.0,,,,,,,,,,,,,,,,,,,,,,,1.0,,,,,,,,,,,,,,,,,,,,,,,,,,,,,,,,1.0,,,,,,,,,,,,,,1.0,1.0,,,,4.0,,,,1.0,1.0,,3.0,1.0,,,,,,,,,,1.0,,,,1.0,,,1.0,2.0,,,,,,,,,,,3.0,,,,,1.0,,,,,1.0,1.0,
Artificial womb,,,,,,,,,,,,,,,,,,,,,,,,,,,,,,,,,,,,,,,,,,,,,,,,,,,,,,,,,,,,,,,,,,,,,,,,,,,,,,3.0,,,,,,,,,,,,,,,,,,,,1.0,,,,,,,,,,,1.0,,,,1.0,,,,,,,,,,,
Asteroid mining,,,,,,,,,,,,,,,,,,,,,,,,,,,,,,,,,,,,,,,,,,,,,,,,,,,,,,,,,,,,,,,,,,,,,,,,3.0,,,,,,,,,,,,,,,,,,,,,,,,,,,,,,,,,,,,,,,,,,,,,,,,,,,,
Augmented reality,,,,,,,,,,,,,,,,,,,,,,,,,,,,,,,,,,,,,,,,,,,,,,,,,,,,,1.0,8.0,,1.0,5.0,5.0,,,2.0,13.0,4.0,1.0,12.0,3.0,2.0,,,1.0,20.0,5.0,2.0,7.0,,6.0,2.0,2.0,4.0,3.0,14.0,6.0,4.0,18.0,3.0,2.0,7.0,10.0,31.0,12.0,10.0,13.0,2.0,3.0,2.0,2.0,3.0,1.0,1.0,2.0,4.0,7.0,1.0,3.0,4.0,3.0,4.0,1.0,2.0,4.0,,2.0,1.0,,1.0,7.0,,5.0,8.0,,,1.0,1.0,10.0
Autonomous Rail Rapid Transit,,,,,,,,,,,,,,,,,,,,,,,,,,,,,,,,,,,,,,,,,,,,,,,,,,,,,,,,,,,,,,,,,,,,,,,,,,,,,,,,,,,,,,,,1.0,,,,,,,,,,,,,,,,,,,,,,,,,,,,,,,,,,,,
Autonomous vehicle,,,,,,,,,,,,,,,,,,,,,,,,,,,,,,,,,,,,,,,,,,,,,,,,,,,,,1.0,,,15.0,,,,,,,2.0,,,,,,,3.0,1.0,,1.0,5.0,5.0,1.0,5.0,1.0,4.0,,1.0,3.0,2.0,,1.0,2.0,3.0,,9.0,,1.0,4.0,3.0,1.0,6.0,2.0,1.0,9.0,,3.0,2.0,2.0,3.0,3.0,28.0,11.0,,2.0,,1.0,,,4.0,1.0,,1.0,,,,,,2.0,,
Bio Ink,,,,,,,,,,,,,,,,,,,,,,,,,,,,,,,,,,,,,,,,,,,,,,,,,,,,,,,,,,,,,,,,,,,,,,,,,,,,,,,,,,,,,,,,,,,,1.0,,,,,,,,,,,,,,,,,,,,,,,,,,,,,,,,
Bio-manufacturing,,,,,,,,,,,,,,,,,,,,,,,,,,,,,,,,,,,,,,,,,,,,,,,,,,,,,,,,,,,,,,,,,12.0,,,,,,,,,,,,,,,,,,,,,,,,,,,,,,,,,,,,,,,,,,,,4.0,,,,,,,,,,,,,,,
Bioplastic,,,,,,,,,,,,,,,,,,,,,,,,,,,,,,,,,,,,,,,,,,,,,,,,,,,,,6.0,,,,,3.0,,,,,,,,,6.0,,8.0,,,,,,1.0,,1.0,,,,,,,,,,,1.0,,4.0,,,1.0,,,,,,1.0,,,1.0,,7.0,,,,,,,,,1.0,,1.0,,,2.0,,,,,,
Biosensor,,,,,,,,,,,,,,,,,,,,,,,,,,,,,,,,,,,,,,,,,,,,,,,,,,,,,11.0,,1.0,,,,1.0,,,,,,,,,,,1.0,,,1.0,,,,5.0,,,,1.0,,,,,,,,1.0,,,1.0,,,,1.0,,,,,,,1.0,,2.0,,,,,,,,1.0,,,,,,,,,,,1.0
Brain-computer interface,,,,,,,,,,,,,,,,,,,,,,,,,,,,,,,,,,,,,,,,,,,,,,,,,,,,,,,,,,,,,,,,,,,,,,,,,,1.0,,,1.0,,,,,1.0,,,,,,,3.0,,,,,1.0,,,,,1.0,,,,,,,,1.0,,,,,,,,1.0,,,,,,,,,
Breath analysis,,,,,,,,,,,,,,,,,,,,,,,,,,,,,,,,,,,,,,,,,,,,,,,,,,,,,,,,,,,,,,,,,,,,,,,,,,,,,,,,,,,,,,,,,1.0,,,1.0,,,,,,,,,,,,,,,,,,,,,,,,,,,,,,,,
Cancer biomarker,,,,,,,,,,,,,,,,,,,,,,,,,,,,,,,,,,,,,,,,,,,,,,,,,,,,,,,,,,,,,,,,,,,,,,,,,,,,1.0,,,,,,,,,,1.0,,,5.0,,,,,,,,,,,,,,,,2.0,,,,2.0,,,,,,,,,,,,,,,
Capsule endoscopy,,,,,,,,,,,,,,,,,,,,,,,,,,,,,,,,,,,,,,,,,,,,,,,,,,,,,,,,,,,,,,,,1.0,,,,,,,1.0,,,,,2.0,,,,1.0,,2.0,,,1.0,,3.0,1.0,,2.0,,1.0,2.0,,4.0,3.0,3.0,2.0,,2.0,1.0,,,,,,,,,,,,,1.0,,,,,,,,,,
Carbon capture and storage,,,,,,,,,,,,,,,,,,,,,,,,,,,,,,,,,,,,,,,,,,,,,,,,,,,,,,2.0,1.0,,,,1.0,,,,1.0,,1.0,,,1.0,1.0,3.0,,,,,,,,,,,,,,,1.0,,,,,,,,,,,,,1.0,,,3.0,,2.0,,,1.0,,,,,,,,,2.0,,,,,,,,,
Carbon nanotube,,,,,,,,,,,,,,,,,,,,,,,,,,,,,,,,,,,,,,,,,,,,,,,,,,,,,,9.0,5.0,,6.0,,,,,2.0,1.0,,,,,,,,,,,,,2.0,,,2.0,,,,2.0,3.0,,,3.0,2.0,1.0,,2.0,1.0,,1.0,1.0,,1.0,,1.0,2.0,,2.0,,4.0,,,,,,1.0,,,,,,,,,,,,,1.0,
Carbon sequestration,,,,,,,,,,,,,,,,,,,,,,,,,,,,,,,,,,,,,,,,,,,,,,,,,,,,,,,,,,,,,,,,,,,1.0,,,,,,,,,,,,,,,,,,,,,1.0,,,,,,,,,,,,,,,,,,,,,,,,,,,,,,,,,,,,
Claytronics,,,,,,,,,,,,,,,,,,,,,,,,,,,,,,,,,,,,,,,,,,,,,,,,,,,,,,,,,,,,,,,,,,,,,,,,1.0,,,,,,,,1.0,,,,,,,,,,,,,,,,,,,,,,,,,,,,,,,,,,,,,,,,,,,,
Closed system drug transfer device,,,,,,,,,,,,,,,,,,,,,,,,,,,,,,,,,,,,,,,,,,,,,,,,,,,,,,,,,,,,,,,,,,,,,,,,,,,,,,,,,,,,,,,,,,,,1.0,,,,,,,,,,,,,,2.0,,,,,,,,,,,,,,,,,,
Cloud computing,,,,,,,,1.0,1.0,,,,1.0,,,,,,2.0,,,,,,1.0,,1.0,1.0,,2.0,,1.0,,,,,,1.0,,,,,,,,,,1.0,,,,1.0,,3.0,15.0,2.0,1.0,15.0,14.0,3.0,3.0,1.0,2.0,4.0,,,2.0,,19.0,3.0,1.0,5.0,6.0,1.0,4.0,5.0,5.0,3.0,5.0,4.0,3.0,8.0,2.0,1.0,13.0,3.0,2.0,8.0,6.0,5.0,4.0,5.0,4.0,6.0,5.0,8.0,2.0,9.0,6.0,4.0,,8.0,,,1.0,1.0,,1.0,1.0,1.0,1.0,,,,5.0,7.0,1.0,11.0,,4.0,3.0,3.0,,
Coal liquefaction,,,,,,,,,,,,,,,,,,,,,,,,,,,,,,,,,,,,,,,,,,,,,,,,,,,,,,,,,,,,,,,,,,,,,,,,,,,,,,,,,,,,,,,1.0,,,,,,,,,,,,,,,,,,,,,,,,1.0,,,,,,,,,,,,,
Companion robot,,,,,,,,,,,,,,,,,,,,,,,,,,,,,,,,,,,,,,,,,,,,,,,,,,,,,,,,,,,,,,,,,,,,,5.0,4.0,,,,28.0,,,,46.0,,,,,,,,,,1.0,,,,,,,,,,,,,,,,,,,,11.0,,,,,,,,,,,,,,,,
Computer-generated imagery,,,,,,,,,,,,,,,,,,,,,,,,,,,,,,,,,,,,,,,,,,,,,,,,,,,,,,,,,,,,,,,,,,,,,,,,,,,,,,,,,,1.0,,,,,,,,,,,,,,,,,,,,,,,,,,,,,,,,,,,,,,,,,,
Conductive polymer,,,,,,,,,,,,,,,,,,,,,,,,,,,,,,,,,,,,,,,,,,,,,,,,,,,,,,,,,,,,,1.0,,,,,,,,,2.0,,,,,,,,,,,,,,,,,,,,,1.0,,,,,,,,,1.0,,,,,,,,,,,,1.0,,,,,,,,,,,,
Cryonics,,,,,,,,,,,,,,,,,,,,,,,,,,,,,,,,,,,,,,,,,,,,,,,,,,,,,,,,,,,,,,,,,,,,,,,,,,,,,1.0,,,,,,,,,,,,,,,,,,,,,,,,,,,,,,,,,,,,,,,,,,,,,,,
Cryptocurrency,,,,,,,,,,,,,,,,,,,,,,,,,,,,,,,,,,,,,,,,,,,,,,,,,,,,,,,1.0,,,,,1.0,,,,,,2.0,2.0,2.0,1.0,1.0,,,2.0,,,,,2.0,2.0,6.0,8.0,34.0,4.0,20.0,37.0,57.0,81.0,129.0,154.0,106.0,57.0,103.0,61.0,63.0,53.0,57.0,37.0,66.0,32.0,28.0,64.0,31.0,27.0,75.0,11.0,10.0,25.0,9.0,17.0,9.0,2.0,6.0,8.0,7.0,7.0,1.0,4.0,6.0,5.0,4.0,8.0,2.0,27.0,32.0
Cultured meat,,,,,,,,,,,,,,,,,,,,,,,,,,,,,,,,,,,,,,,,,,,,,,,,,,,,,,,,,,,,,,,,,,,,,,,,,,,,,,,,,,,,,,,,8.0,,,,,4.0,2.0,,,,,,1.0,,10.0,3.0,3.0,4.0,,,,,,,1.0,,,,,,,,,,,1.0,
DNA repair,,,,,,,,,,,,,,,,,,,,,,,,,,,,,,,,,,,,,,,,,,,,,,,,,,,,,1.0,,,,,,,,,1.0,,,,,,,,,,,,,,,,,,,,,,1.0,,,,,1.0,,1.0,1.0,,,,,,,,1.0,,,,,,,,,,1.0,,,,,,1.0,,,,,,,1.0,
Deep learning,,,,,,,,,,,,,,,,,,,,,,,,,,,,,,,,,,,,,,,,,,,,,,,,,,,,,1.0,,,,,,,,,,,,,2.0,5.0,,2.0,,,9.0,1.0,3.0,3.0,,3.0,1.0,6.0,6.0,11.0,4.0,5.0,11.0,5.0,1.0,2.0,5.0,12.0,1.0,2.0,10.0,7.0,3.0,6.0,7.0,5.0,4.0,3.0,2.0,6.0,11.0,2.0,9.0,3.0,2.0,1.0,1.0,1.0,,2.0,,,2.0,4.0,,1.0,1.0,6.0,4.0,2.0,,,1.0
Digital image processing,,,,,,,,,,,,,,,,,,,,,,,,,,,,,,,,,,,,,,,,,,,,,,,,,,,,,,,,1.0,,,,,,,,,,,,,,,,,,,,,,,,,,,,,,,,,,,,,,,,,,,,,,,,,,,,,,,,,,,,,,,,,,,,
Digital scent technology,,,,,,,,,,,,,,,,,,,,,,,,,,,,,,,,,,,,,,,,,,,,,,,,,,,,,,,,,,,,,,,,,,,,,,,,,1.0,,,,,,,,,1.0,,,1.0,1.0,,,,2.0,,,1.0,1.0,,,,,,,,,,,,,,,,,,,,,,,,,,,,,,
Distributed ledger,,,,,,,,,,,,,,,,,,,,,,,,,,,,,,,,,,,,,,,,,,,,,,,,,,,,,,,,,,,,,,,,,,,,1.0,,1.0,,1.0,,,,4.0,,,5.0,6.0,3.0,,2.0,5.0,5.0,5.0,,,,,1.0,11.0,2.0,9.0,1.0,4.0,1.0,4.0,,,1.0,1.0,,5.0,,,,,,2.0,,1.0,4.0,1.0,1.0,,1.0,,1.0,,,,,
Document automation,,,,,,,,,,,,,,,,,,,,,,,,,,,,,,,,,,,,,,,,,,,,,,,,,,,,,,,,,,,,,,,,,,,,,,,,,,,,,,,,,,,,,,,,,,,,,,,,,,,,,,,,,4.0,,,,,,,,,,,,,,,,,,,
Drug-eluting stent,,,,,,,,,,,,,,,,,,,,,,,,,,,,,,,,,,,,,,,,,,,,,,,,,,,,,,,,,,,,,,,1.0,,,,,,,,,,,,,,,,1.0,,,,,,,,,,1.0,,,,,,,,,,,1.0,,,,,,,,,,,,,,,,,,,,,,,,
Dye-sensitized solar cell,,,,,,,,,,,,,,,,,,,,,,,,,,,,,,,,,,,,,,,,,,,,,,,,,,,,,,,,,,,,,,,,,,,,,,,,,,,,,,1.0,,,,,,,,,,,,,,,,,,,,,,,,,,,,,,,,,,,,,,,,,,,,,,
Edge Computing,,,,,,,,,,,,,,,,,,,,,,,,,,,,,,,,,,,,,,,,,,,,,,,,,,,,,,,,,,,,,,,,,,,,,,,1.0,,,1.0,,,,,,,,3.0,7.0,1.0,,1.0,9.0,1.0,,1.0,,7.0,1.0,3.0,,,,,,1.0,2.0,,,,,5.0,5.0,,,1.0,1.0,1.0,,,,2.0,,2.0,,,,2.0,2.0,
Electric vehicle,,1.0,,,,,,,,,1.0,,,,,,,,,,,1.0,1.0,2.0,,,,,,2.0,1.0,,,,,,,,,,,,,,,,,,,,,,1.0,8.0,1.0,4.0,4.0,5.0,2.0,2.0,15.0,2.0,,5.0,,4.0,,6.0,1.0,1.0,1.0,4.0,7.0,1.0,1.0,4.0,3.0,1.0,4.0,,2.0,3.0,5.0,3.0,5.0,16.0,14.0,16.0,14.0,12.0,15.0,8.0,27.0,13.0,6.0,21.0,11.0,11.0,11.0,9.0,23.0,30.0,15.0,5.0,7.0,1.0,9.0,3.0,4.0,2.0,7.0,6.0,7.0,2.0,2.0,1.0,7.0,8.0,11.0,6.0,10.0,6.0,4.0,9.0
Electron-beam additive manufacturing,,,,,,,,,,,,,,,,,,,,,,,,,,,,,,,,,,,,,,,,,,,,,,,,,,,,,,,,,,,,,,,,,,,,,,,,,,,,,,,,,,,,,,,,,,,,7.0,,,1.0,,,,,,,,,,,,,,,,,,,,,,,,,,,,,
Electronic cigarette,,,,,,,,,,,,,,,,,,,,,,,,,,,,,,,,,,,,,,,,,,,,,,,,,,,,,,,1.0,2.0,,,1.0,,,,,,,,,,,,,,,,1.0,,,,,,1.0,,,,,,,,1.0,,3.0,1.0,,4.0,,2.0,1.0,,,,,,2.0,,,,,,,,,,,1.0,,,,,,,,,,
Electronic nose,,,,,,,,,,,,,,,,,,,,,,,,,,,,,,,,,,,,,,,,,,,,,,,,,,,,,,,,,,,,,,,,,,,,,,,,,,,,,,,,,,,,,,,,1.0,,,,,,1.0,,,,,,,,,,,1.0,,,,,,,,,,,,,,,,,,,
Electronic skin,,,,,,,,,,,,,,,,,,,,,,,,,,,,,,,,,,,,,,,,,,,,,,,,,,,,,,,,,,,,,,,,,,,,6.0,,,,,,,,,,,,3.0,,,,,,,,,,2.0,,,,,,,,,,,,,,,,2.0,,,,,,,,,,,,,,,,,,
Energy harvesting,,,,,,,,,,,,,,,,,,,,,,,,,,,,,,,,,,,,,,,,,,,,,,,,,,,,,,4.0,,,,,,,,,,,,,,,,1.0,2.0,3.0,3.0,2.0,1.0,1.0,1.0,,,,,3.0,,6.0,,2.0,3.0,,2.0,1.0,,,,,,,,1.0,1.0,1.0,3.0,2.0,,1.0,2.0,,,,1.0,,,,,,,,,1.0,,,,,,
Exascale computing,,,,,,,,,,,,,,,,,,,,,,,,,,,,,,,,,,,,,,,,,,,,,,,,,,,,,,,,,,,,,,,,,,,,,,,,,,,,,,,,,,,,1.0,,,,,,,,,,1.0,,,,,1.0,,,,,,,,,,,,,,,,,,,,,,,,,
Extended Reality,,,,,,,,,,,,,,,,,,,,,,,,,,,,,,,,,,,,,,,,,,,,,,,,,,,,,,,,,,,,,,,,,,,,,,,,,,,,,,,,,,,,,,,,,,,,,,,,,,,,,,,,,,,,,,,,,,,,,,,,,,,,2.0
Extreme ultraviolet lithography,,,,,,,,,,,,,,,,,,,,,,,,,,,,,,,,,,,,,,,,,,,,,,,,,,,,,,,,,,,,,,,,,,,,,,,,,,,,,,,,,,,,,,,,,1.0,,,,,6.0,,1.0,,,,,,1.0,,,,,,,,,,,,,,,,,,,,,4.0,
Facial recognition,,,,,,,,,,,,,,,,,,,,,,,,,,,,,,,,,,,1.0,,,,,,,,,,,,,,,,,,,1.0,,,1.0,,,8.0,,,,1.0,,,,,,,2.0,,1.0,,3.0,,3.0,9.0,1.0,3.0,1.0,,2.0,,1.0,1.0,5.0,8.0,1.0,4.0,12.0,3.0,2.0,,3.0,5.0,1.0,3.0,9.0,2.0,3.0,2.0,2.0,2.0,4.0,2.0,2.0,1.0,3.0,1.0,4.0,,,1.0,1.0,,3.0,,,1.0,2.0,,2.0,1.0
Flexible display,,,,,,,,,,,,,,,,,,,,,,,,,,,,,,,,,,,,,,,,,,,,,,,,,,,,,,,,,,,,,,6.0,,,,,,1.0,,,,1.0,,,,1.0,2.0,1.0,2.0,,,,,,3.0,,,1.0,,,,1.0,,,3.0,,,2.0,1.0,,1.0,,,4.0,,,1.0,,,,,,,,,,,,,,,,1.0,
Flexible electronics,,,,,,,,,,,,,,,,,,,,,,,,,,,,,,,,,,,,,,,,,,,,,,,,,,,,,,,,,,,,,1.0,,,,,,,,,,,5.0,1.0,7.0,,,,2.0,,7.0,,1.0,1.0,,,,,,1.0,8.0,1.0,1.0,2.0,,,1.0,,,,,2.0,,,1.0,,,,2.0,,,,,2.0,,,,,,,,,,,
Floating Liquefied Natural Gas,,,,,,,,,,,,,,,,,,,,,,,,,,,,,,,,,,,,,,,,,,,,,,,,,,,,,,,,,,,,,,,,,,,,,,,,,,,,,,,,,,,1.0,,,,,,,,,,,,,,,,,1.0,,,,,,,,,,,,,,,,,,,,,,,,
Flywheel energy storage,,,,,,,,,,,,,,,,,,,,,,,,,,,,,,,,,,,,,,,,,,,,,,,,,,,,,,,,,,,,,,,,,,,,,,,,,,,,,,,,,,1.0,,,,,,1.0,,,1.0,,,,,,,,,,,,,,,,,,,,,,,,,,,,,,,,,
Force Field,,,,,,,,,,,,,,,,,,,,,,,,,,,,,,,,,,,,,,,,,,,,,,,,,,,,,,,,,,,,,,,,,,,,,,,,,,,,,,,,,,,,,,,,,,,,,,,,,,,,,,1.0,,,,,,,,,,,,,,,,,,,,,,
Fuel cell,,,,,,,1.0,,,,1.0,,,,,,,,,,,,,,,,,,,,,,1.0,,,2.0,,,,,1.0,,,1.0,,,3.0,1.0,,,1.0,7.0,18.0,33.0,12.0,29.0,34.0,46.0,10.0,22.0,21.0,20.0,16.0,8.0,11.0,29.0,18.0,4.0,7.0,9.0,4.0,12.0,1.0,11.0,8.0,5.0,6.0,4.0,14.0,1.0,12.0,2.0,5.0,6.0,8.0,7.0,61.0,22.0,17.0,7.0,23.0,26.0,7.0,8.0,12.0,7.0,9.0,3.0,12.0,9.0,19.0,20.0,26.0,20.0,15.0,14.0,11.0,5.0,7.0,4.0,4.0,1.0,6.0,9.0,8.0,3.0,1.0,11.0,8.0,5.0,6.0,4.0,1.0,11.0
Fuel cell vehicle,,,,,,,,,,,,,,,,,,,,,,,,,,,,,,,,,,,,,,,,,,,,,,,,,,,,,1.0,,,1.0,1.0,,,1.0,5.0,2.0,2.0,,,,3.0,,2.0,2.0,,1.0,,1.0,,,,2.0,1.0,,,,,,4.0,,3.0,,,1.0,2.0,,,,,2.0,,,2.0,,2.0,3.0,1.0,3.0,1.0,4.0,,1.0,,,,,,,6.0,,1.0,4.0,1.0,5.0,,1.0,,
Fullerene,,,,,,,,,,,,,,,,,,,,,,,,,,,,,,,,,,,,,,,,,,,,,,,,,,,,,,,,,,,2.0,4.0,,,,,,,,,,,,,,,,,,,,,,,,,,,,1.0,,,,,1.0,2.0,2.0,,,,,1.0,1.0,,,5.0,,,,,,,,,,,,,,,,,,,,2.0
Fusion power,,,,,,,,,,,,,,,,,,,,,,,,,,,,,,,,,,,,,,,,,,,,,,,,,,,,,1.0,,,,,,,1.0,1.0,1.0,1.0,,,,,,,,,,,,,,1.0,,,,,,1.0,,,,3.0,5.0,1.0,,5.0,,,,,,,,,,,,,19.0,5.0,,,,,,,,1.0,,,,,,,2.0,,,,
Gallium Nitride semiconductor,,,,,,,,,,,,,,,,,,,,,,,,,,,,,,,,,,,,,,,,,,,,,,,,,,,,,,,,,,,,,,,,,,,,,,,,,,,,,,,,,,,,,,1.0,4.0,,,2.0,1.0,,,3.0,,,,,,,2.0,,,2.0,,,,,1.0,,,,,,,,,,,,,,,
Gas generator,,,,,,,,,,,,,,,,,,,,,,,,,,,,,,,,,,,,,,,,,,,,,,,,,,,,,,,,,,,,,,,,,,,,1.0,1.0,3.0,,1.0,1.0,,,,,1.0,,,,,1.0,,,,,,,1.0,1.0,,,1.0,,,,1.0,,,,1.0,,,,1.0,,,,,,,2.0,,,,,,,,,,,
Gasification,,,,,,,,,,,,,,,,,,,,,,,,,,,,,,,,,1.0,,,,,,,,,,,,,,,1.0,1.0,,,,,3.0,5.0,,,1.0,2.0,,,,1.0,,2.0,,,,,,,,,1.0,1.0,,,,,,,,,,5.0,1.0,,1.0,10.0,15.0,,2.0,1.0,1.0,1.0,,1.0,2.0,3.0,3.0,,,2.0,,,,1.0,,,,,2.0,,1.0,,,,,,1.0,,,,
Gene Editing,,,,,,,,,,,,,,,,,,,,,,,,,,,,,,,,,,,,,,,,,,,,,,,,,,,,,,,3.0,,,,,,,,,3.0,,5.0,,1.0,1.0,,,,1.0,,,,,3.0,2.0,3.0,,3.0,,1.0,1.0,3.0,2.0,,,2.0,2.0,1.0,1.0,1.0,1.0,2.0,,2.0,,2.0,2.0,,2.0,4.0,,,2.0,,,,1.0,,6.0,,,,,,2.0,,,4.0,,3.0
Genetically modified food,,,,,,,,,,,,,,,,,,,,,,,,,,,,,,,,,,,,,,,,,,,,,,,,,,,,,,,,,,,,,,,,,2.0,,,,,,,2.0,,,,,,,,,,,,,,2.0,1.0,,,1.0,,,,,,,,,,,,,,,,,,,,,,,,,,,,,,,,,,
Genetically modified organism,,,,,,,,,,,,,,,,,,,,,,,,,,,,,,,,,,,,,,,,,,,,,,,,,,,,,,,,,,,,,,,,,,1.0,,,,,,,,,,,,,,,,,,,,,,,,,,,,,,,,,,,,,,,,,,,,,,,,,,,,,,,,,,
Gesture recognition,,,,,,,,,,,,,,,,,,,,,,,,,,,,,,,,,,1.0,,,,,,,,,,,,,,,,,,,,1.0,,,,,,8.0,,,2.0,1.0,,2.0,,,2.0,2.0,,,6.0,,2.0,,3.0,,,1.0,,1.0,,,1.0,,,1.0,1.0,,1.0,,2.0,1.0,1.0,,,,,,,10.0,,,,,,,,,,,,,,,,,,,,,,
Graphene,,,,,,,,,,,,1.0,,,,,,2.0,,,,,,1.0,,,,,,,,,,,,1.0,,,,,,1.0,,,,,2.0,,2.0,,,,1.0,25.0,1.0,8.0,1.0,2.0,1.0,5.0,,10.0,20.0,2.0,9.0,2.0,4.0,14.0,14.0,3.0,3.0,5.0,2.0,5.0,5.0,10.0,1.0,11.0,4.0,4.0,2.0,,3.0,4.0,12.0,11.0,1.0,8.0,6.0,18.0,8.0,11.0,4.0,5.0,4.0,6.0,3.0,7.0,5.0,9.0,7.0,11.0,8.0,4.0,5.0,4.0,,5.0,2.0,1.0,9.0,,8.0,1.0,4.0,5.0,,2.0,1.0,3.0,,,1.0,4.0
Grid energy storage,,,,,,,,,,,,,,,,,,,,,,,,,,,,,,,,,,,,,,,,,,,,,,,,,,,,,,,,,1.0,,,,,,,,8.0,,,,,2.0,,,,1.0,,,,,,,,,,,,,,,,,,,,,,,1.0,,,,,,1.0,,,1.0,,,,,,,,,,,,,,,,,,
Haptic technology,,,,,,,,,,,,,,,,,,,,,,,,,,,,,,,,,,,,,,,,,,,,,,,,,,,,,,,,,,,,,,,,,,,,,,,,1.0,,,,3.0,,3.0,,,,,,,,,,,,,4.0,,,1.0,1.0,,,,,,,,,,,,,,,,,,,1.0,,,,,,,,,,
Head transplant,,,,,,,,,,,,,,,,,,,,,,,,,,,,,,,,,,,,,,,,,,,,,,,,,,,,,,,,,,,,,,,,,,,,,,,,,,,,,,,,,,,,,,,,,,,,,,,,,,,,,,,,,,,,,5.0,,,,,,,,,,,,1.0,,,
High Entropy Alloys,,,,,,,,,,,,,,,,,,,,,,,,,,,,,,,,,,,,,,,,,,,,,,,,,,,,,,,,,,,,,,,,,,,,,,,,,,,,,,,,,,,,,,,,,,,,,1.0,,,,,,,,,,,,,,,,,,,,,,,,,,,,,,,
Holographic data storage,,,,,,,,,,,,,,,,,,,,,,,,,,,,,,,,,,,,,,,,,,,,,,,,,,,,,,,,,,,,,,,,,,,,,,,,,,1.0,,,,,,,,,,,,,,,,,,,,,,,,,,,,,,,,,,,,,,,,,,,,,,,,,,
Holography,,,,,,,,,,,,,,,,,,,,,,,,,,,,,,,,,,,,,,,,,,,,,,,,,,,,,,1.0,,1.0,,,,,,,,,,,,,1.0,,4.0,1.0,,2.0,2.0,,,,1.0,4.0,,,,3.0,,1.0,5.0,3.0,,1.0,,,1.0,1.0,1.0,,3.0,,3.0,3.0,2.0,5.0,,2.0,,,,1.0,1.0,,,,,,,,,,2.0,,,,,
Hoverbike,,,,,,,,,,,,,,,,,,,,,,,,,,,,,,,,,,,,,,,,,,,,,,,,,,,,,,,,,,1.0,,,,,,,,,,,,,,,,,,,,,,,,,,,,,,,,,,,,,,,,,,,,,,,,,,,,,,,,,,,,,,,,,,
Hovertrain,,,,,,,,,,,,,,,,,,,,,,,,,,,,,,,,,,,,,,,,,,,,,,,,,,,,,,,,,,,,,,,,,,,,,,,,,,,,,,1.0,,,,,,,,,,,,,,,,,,,,,,,,,,,,,,,,,,,,,,,,,,,,,,
Hydrogen fuel,,,,,,,,,,,,,,,,,,,,,,,,,,,,,,,,,,,,,,,,,,,,,,,1.0,,,,,,4.0,15.0,,2.0,3.0,,2.0,2.0,6.0,2.0,8.0,,,2.0,3.0,,1.0,1.0,2.0,2.0,,3.0,,1.0,1.0,,7.0,,4.0,,,1.0,,5.0,3.0,4.0,10.0,4.0,4.0,7.0,4.0,1.0,2.0,3.0,1.0,1.0,5.0,1.0,4.0,7.0,5.0,15.0,7.0,1.0,2.0,1.0,,2.0,,,1.0,,2.0,1.0,1.0,1.0,1.0,,1.0,5.0,,4.0
Hydrogen vehicle,,,,,,,,,,,,,,,,,,,,,,,,,,,,,,,,,,,,1.0,,,,,,,,,,,,,,,,,,,,,,,,,,,,,,,,,,,,,,,,,,,,,,,,,,,,,,,,,2.0,,,,,,,,1.0,,,,,,,,,,,,,,,,,,,,,,1.0,
Hyperloop,,,,,,,,,,,,,,,,,,,,,,,,,,,,,,,,,,,,1.0,,,,,,,,,,,,,,,,,,,,,,,,,,,,,,,,,2.0,,,2.0,,,,,,,3.0,,,,,,1.0,2.0,3.0,2.0,,,,,,,,,1.0,,,,,,,,,,,,,,,,,,2.0,,,,,,1.0,,,1.0
Hypersonic weapon,,,,,,,,,,,,,,,,,,,,,,,,,,,,,,,,,,,,,,,,,,,,,,,,,,,,,,,,,,,,,,,,,,,,,,,,,,,,,,,,,,,,,,,,,,,,,,,,,,,,,,,,,,,1.0,,,,,,,,,,,,,2.0,,,,
Intelligent toilet,,,,,,,,,,,,,,,,,,,,,,,,,,,,,,,,,,,,,,,,,,,,,,,,,,,,,,,,,,1.0,,,,,,,,,,,,,,2.0,1.0,2.0,,,,,,1.0,,1.0,,1.0,,,,1.0,1.0,,,,,,,3.0,,,,,,2.0,,3.0,,,2.0,,,,,,,,,,,,,,,,,
Intelligent transportation system,,,,,,,,,,,,,,,,,,,,,,,,,,,,,,,,,,,,,,,,,,,,,,,,,,,,,,,,,,,,,1.0,,,1.0,,1.0,,,,,1.0,3.0,2.0,,1.0,9.0,2.0,4.0,1.0,1.0,5.0,2.0,,3.0,2.0,1.0,1.0,2.0,2.0,6.0,1.0,4.0,,1.0,1.0,3.0,2.0,,1.0,,,2.0,,1.0,,,,,,,,,,1.0,2.0,,,,,,,,,
Internet of things,,,,,,,,,,,,,,,,,,,,,,,,,,,,,,,,,,,,,,,,,,,,,,,,,,,,,7.0,,2.0,2.0,7.0,5.0,4.0,4.0,4.0,353.0,11.0,10.0,9.0,15.0,2.0,4.0,7.0,3.0,16.0,6.0,8.0,19.0,6.0,5.0,7.0,10.0,15.0,10.0,30.0,28.0,17.0,15.0,9.0,23.0,27.0,15.0,16.0,15.0,9.0,14.0,23.0,26.0,49.0,21.0,7.0,15.0,11.0,7.0,12.0,12.0,30.0,25.0,6.0,1.0,2.0,6.0,5.0,1.0,,6.0,4.0,2.0,2.0,2.0,3.0,4.0,5.0,21.0,3.0,12.0,3.0,3.0
Ion thruster,,,,,,,,,,,,,,,1.0,,,,,,,,,,,,,,,,,,,,,,,,,,,,,,,,,,,,,,1.0,,,,,,,,,,,,,,,,,,,,,,,,,,,,,,,,,,,,,,,,,,,,,,,,,,,,,,,,,,,,,,,,,,,,,,,
Jet injector,,,,,,,,,,,,,,,,,,,,,,,,,,,,,,,,,,,,,,,,,,,,,,,,,,,,,,,,,,,,,,,,,,,,,,,,,,,,,,,,,,,,,,,,,,,,,,,,,,,,,,,,,,1.0,,,,,,,,,,,,,,,,,,
Jetpack,,,,,,,,,,,,,,,,,,,,,,,,,,,,,,,,,,,,,,,,,,,,,,,,,,,,,,1.0,,,,,,,,,,,,,,,,,,,,,,,,,,,,,,,,,,,,,,,,,,,1.0,,,,,,2.0,,2.0,,,,,,,,,,,,,,,,,,,
Lab-on-a-chip,,,,,,,,,,,,,,,,,,,,,,,,,,,,,,,,,,,,,,,,,,,,,,,,,,,,,,,,,,,,,,,,,,,3.0,,,2.0,,,,,,,,,,,,,,1.0,,,,2.0,,,3.0,,,,1.0,,1.0,,,,1.0,,,,2.0,2.0,,,,,,,,,,,,2.0,,,1.0,,,3.0
Learning Management System,,,,,,,,,,,,,,,,,,,,,,,,,,,,,,,,,,,,,,,,,,,,,,,,,,,,,,8.0,,,,,,,,,,,,,,,,,,,,,,,,,,,,,,,1.0,,,,,,,,1.0,,,,1.0,,2.0,,1.0,,,,,,,,,,,,,1.0,,,,,,,,,,
Li-Fi,,,,,,,,,,,,,,,,,,,,,,,,,,,,,,,,,,,,,,,,,,,,,,,,,,,,,,,,,,,,,,,,,,1.0,,1.0,3.0,,,,,,,,,2.0,,,,,5.0,,1.0,,3.0,,,2.0,4.0,5.0,5.0,,,,1.0,,1.0,1.0,1.0,,,,3.0,,,,,,,,,,,,,,,,,,,
Lidar,,,,,,,,,,,,,,,,,,,,,,,,,,,,,,,,,,,,,,,,,,,,,,,,,,,,1.0,,1.0,1.0,1.0,4.0,1.0,,,1.0,,3.0,,1.0,,1.0,4.0,,6.0,4.0,,1.0,1.0,1.0,2.0,12.0,,1.0,,1.0,2.0,,,8.0,4.0,,4.0,2.0,1.0,,1.0,3.0,9.0,,1.0,1.0,,1.0,14.0,10.0,3.0,10.0,6.0,1.0,2.0,3.0,,,1.0,,1.0,9.0,2.0,2.0,1.0,,,,2.0,,1.0,,2.0
Life-cycle assessment,,,,,,,,,,,,,,,,,,,,,,,,,,,,,,,,,,,,,,,,,,,,,,,,,,,,,,,,,,,,,,,,,,,1.0,,,,,,,,,,,,,,,,1.0,,,,,,,,,,,,,,,,,,,,,,,,,,,,,,,,,,,,,,,,2.0,
Liquid Crystal Elastomers,,,,,,,,,,,,,,,,,,,,,,,,,,,,,,,,,,,,,,,,,,,,,,,,,,,,,,,,,,,,,,,,6.0,,,,,,,,,,,,,,,,,,,,,,,,,,,,,,,,,,,,,,,,,,,,,,,,,,,,,,,,,,,,
Lithium ion battery,,,,,,,,,,,,,,1.0,,,,1.0,,,,,1.0,,,,2.0,,,,1.0,,,,,,,,,,,,1.0,,,1.0,,,,,,,1.0,9.0,1.0,8.0,7.0,,1.0,1.0,7.0,,,1.0,2.0,,1.0,10.0,5.0,5.0,2.0,1.0,1.0,3.0,86.0,1.0,2.0,3.0,3.0,3.0,,,,2.0,7.0,2.0,1.0,5.0,3.0,6.0,8.0,7.0,9.0,5.0,5.0,1.0,1.0,11.0,,8.0,5.0,9.0,3.0,2.0,,1.0,2.0,1.0,1.0,15.0,2.0,2.0,,,1.0,8.0,,1.0,2.0,,1.0,3.0,,
Lithium iron phosphate battery,,,,,,,,,,,,,,,,,,,,,,,,,,,,,,,,,,,,,,,,,,,,,,,,,,,,,,,,,,,,,,,,,,,,,,,,,,5.0,,,,,,,,,,,,,,,,,,,,,,,,,,,,,,,,,,,,,,,,,,,,,,,,,,
Lithium-sulfur battery,,,,,,,,,,,,,,,,,,,,,,,,,,,,,,,,,,,,,,,,,,,,,,,,,,,,,,,,,,,1.0,,,,,,,,,,,,1.0,,1.0,,,,,,,,,,,,,,,,2.0,,,,,,,,,,,,,,,,,,,,,,,,,,,,,,,,,1.0,,
Machine translation,,,,,,,,,,,,,,,,,,,,,,,,,,,,,,,,,,,,,,,,,,,,,,,,,,,,,,,1.0,,,,,,,,,,,,,,,,,,,,,,1.0,1.0,,1.0,,,,,,1.0,,1.0,,4.0,,,1.0,,,,,1.0,,1.0,2.0,,4.0,,,1.0,1.0,,,,,,2.0,,,,,,,,,,,
Machine vision,,,,,,,,,,,,,,,,,,,,,,,,,,,,,,,,,,,,1.0,,,,,,,,,,,,,,,,,,,2.0,,,,10.0,,,,,17.0,,1.0,11.0,,1.0,6.0,2.0,8.0,4.0,1.0,,7.0,5.0,,7.0,3.0,9.0,6.0,2.0,,,4.0,10.0,5.0,10.0,4.0,9.0,1.0,1.0,1.0,1.0,3.0,2.0,,8.0,6.0,3.0,7.0,4.0,7.0,19.0,1.0,,,,2.0,,,1.0,2.0,4.0,2.0,,,1.0,3.0,,,,
Maglev,,,,,,,,,,,,,,,,,,,,,,,,,,,,2.0,,,,,,,1.0,,,,,3.0,,,,1.0,,,,,1.0,1.0,,1.0,,1.0,,13.0,1.0,22.0,2.0,1.0,,2.0,13.0,,1.0,1.0,1.0,,,2.0,18.0,6.0,,2.0,2.0,7.0,2.0,2.0,4.0,,,,1.0,2.0,,2.0,2.0,12.0,2.0,1.0,3.0,,,,1.0,,,4.0,5.0,,1.0,,7.0,,14.0,,2.0,,4.0,1.0,,,2.0,,,,,,2.0,1.0,,2.0,9.0,
Magnetic nanoparticles,,,,,,,,,,,,,,,,,,,,,,,,,,,,,,,,,,,,,,,,,,,,,,,,,,,,,,,,,,,,,,,,,,,,,,,,,,,,,,,,,,,,,,1.0,,1.0,,1.0,,,,,,,,,,1.0,2.0,,,,2.0,,,,,,,,,,,,,,,,,,,
Magnetorheological fluid,,,,,,,,,,,,,,,,,,,,,,,,,,,,,,,,,,,,,,,,,,,,,,,,,,,,,,,,,,,,,,,,,,,,,,,,,,,,,,,,,,,,,,,,,,,1.0,,,,,,,,,,,,,,,,,,,,,,,,,,,,,,,,,
Memristor,,,,,,,,,,,,,,,,,,,,,,,,,,,,,,,,,,,,,,,,,,,,,,,,,,,,,,,,,,,,,,,,,,,,,,3.0,,,,,,,,,,,,,,,,,2.0,,,,,,,,,,,,,,,,,,,,,,,,,,,,,,,,,,,,,
Metal foam,,,,,,,,,,,,,,,,,,,,,,,,,,,,,,,,,,,,,,,,,,,,,,,,,,,,,,1.0,,,,,,,,,,,,,,,,,,,,,,,,,,,,,,,,,,,,,,,,,,,,,,,,,,,,,,,,,,,,,,,,,,,,,,
Metamaterial,,,,,,,,,,,,,,,,,,,,,,,,,,,,,,,,,,1.0,,,,,,,,,,,,,,,,,,,,,,,1.0,,,,4.0,,,,,,,,,,,,,,,,,,,,1.0,,,1.0,1.0,3.0,,,5.0,,,,1.0,1.0,1.0,1.0,,,,1.0,,,,,,,,,,,,,,,,,,,,,,,,
Microelectromechanical systems,,,,,,,,,,,,,,,,,,,,,,,,,,,,,,,,,,,,,,,,,,,,,,,,,,,,,,,,,,,,,,,,,,,,,,,,,,,,,,,,,,,,,,,,,1.0,,,,,,,,,,,,,,,,,,,,1.0,,,,,1.0,,,,,,,,,,
Microfluidics,,,,,,,,1.0,,,,,,,,,,,,,,,,,,,,,,,,,,,,,,,,,,,,,,,,,,,,,,,,,,,,,,,,,,,2.0,,,1.0,,,1.0,,,,,,,,,,,,,,,1.0,,2.0,9.0,1.0,,1.0,,,,,,,,1.0,,,4.0,,,1.0,,,1.0,,,1.0,,,3.0,,,,,,,
Microreactor,,,,,,,,,,,,,,,,,,,,,,,,,,,,,,,,,,,,,,,,,,,,,,,,,,,,1.0,,,,,,,,,,,,,,,,,,,,,,,,,,,,,,,,,,,,,,,,1.0,,,,1.0,,,,,,,,,,,,,,,,,,,,,,,,,,,,
Miniaturized satellite,,,,,,,,,,,,,,,,,,,,,,,,,,,,,,,,,,,,,,,,,,,,,,,,,,,,,,,,,,,,,,,,,,,,,,,,,,,,,,,,,,,,,,,,,,,,,,,,,,,2.0,,,,,,,,,,,,,,,,,,,,,,,,,
Mixed Reality,,,,,,,,,,,,,,,,,,,,,,,,,,,,,,,,,,,,,,,,,,,,,,,,,,,,,,,1.0,,,,,,,,,,,,,,,,,,,1.0,5.0,,,,,,,2.0,,,,1.0,3.0,2.0,2.0,1.0,,1.0,2.0,,1.0,,,,,,,,1.0,,,3.0,,,2.0,3.0,,1.0,,,2.0,6.0,,,,,1.0,,,
Mobile learning,,,,,,,,,,,,,,,,,,,,,,,,,,,,,,,,,,,,,,,,,,,,,,,,,,,,,,,9.0,,,,,,,,,,,,,,,,,1.0,,,,,,3.0,,,,,,,,2.0,,,,,,,2.0,,,,,,,,5.0,,,,,,,,,,,,,,,,,,,,,,,
Modular Reactors,,,,,,,,,,,,,,,,1.0,,,,,,,,,,,,,,,,,,,,,,,,,,,,,,,,,,,,,,,,,,,,,,,,,1.0,,,,,,,,,,,,,,,,,,,,,,,,,,,,,,,,,,,,,3.0,,,,,,,,,,,,,,,,,1.0,,,,,
Molecular electronics,,,,,,,,,,,,,,,,,,,,,,,,,,,,,,,,,,,,,,,,,,,,,,,,,,,,,,,,,,,,,1.0,,,,,,,,,,,,,,,,,,,,,,,,,,,,,,,,,,,,,,,,,,,,1.0,,,,,,,,,,,,,,,,,,,
Molten salt reactor,,,,,,,,,,,,,,,,,,,,,,,,,,,,,,,,,,,,,,,,,,,,,,,,,,,,,,,,,,,,,,,,,,,,,,,,,,,,,,,,,,,,,,2.0,,,,,,,,,,,,,,,,,,,,,,,,,,,,,,,,,,,,,,
Nanocrystal,,,,,,,,,,,,,,,,,,,,,,,,,,,,,,,,,,,,,,,,,,,,,,,,,,,,,,,,,,,,,,,,,,,,,,,,,,,,,,1.0,,,,,,,1.0,,,,,,,1.0,,,,,,,,,,,,,,,,,,,,,,,,,,,,,,,,
Nanoelectromechanical systems,,,,,,,,,,,,,,,,,,,,,,,,,,,,,,,,,,,,,,,,,,,,,,,,,,,,,,,,,,,,,,,,,,,,,,,,,,,,,,,,,,,,,1.0,1.0,,,,,,,,,,,,,,,,,,,,,,,,,,,,,,,,,,,,,,
Nanorobotics,,,,,,,,,,,,,,,,,,,,,,,,,,,,,,,,,,,,,,,,,,,,,,,,,,,,,,,,,,,,,,,,,,,,,,,,,,,,,,,,,,,,,,,,,,,,,,,,,,,,,,1.0,,,,,,,,,,,,1.0,,,,,,,,,,
Nanosensor,,,,,,,,,,,,,,,,,,,,,,,,,,,,,,,,,,,,,,,,,,,,,,,,,,,,,,,,,,,,,,,,,,,,,,,,,,,1.0,,,,,,,,,,,,,,,,,,,,,,,,,,,,,,,,,,,,,,,,,,,,,,,,,
Nanowire battery,,,,,,,,,,,,,,,,,,,,,,,,,,,,,,,,,,,,,,,,,,,,,,,,,,,,,,,,,,,,,,,,,,,,,,,,,,,,,,1.0,,,,,1.0,,,,,,,,,,,,,,1.0,,,,,,,,,,,,,,,,,,,,,,,,,,,
Natural Language Processing,,,,,,,,,,,,,,,,,,,,,,,,,,,,,,,,,,,,,,,,,,1.0,,,,,,1.0,,,,,,1.0,1.0,,,,,,,,,8.0,,,,,,,,,,,,,,5.0,,,,3.0,,3.0,2.0,1.0,1.0,,2.0,1.0,,3.0,2.0,3.0,1.0,4.0,2.0,1.0,,,2.0,1.0,,,,,,,,,,,,,,,,,,,,,,1.0
Neural Networks,,,,,,,,,,,,,,,,,,,,,,,,,,,,,,,,,,,,,,,,,,,,,,,,,,,,,,,,2.0,,,,,2.0,,,1.0,,,,,,,,1.0,,,3.0,,1.0,,,,,,,,7.0,,,,3.0,,,2.0,,1.0,,,,1.0,1.0,,,1.0,1.0,,3.0,5.0,,,,1.0,,,1.0,,,4.0,1.0,,1.0,,,1.0,,
Neuroprosthetics,,,,,,,,,,,,,,,,,,,,,,,,,,,,,,,,,,,,,,,,,,,,,,,,,,,,,,,,,,,,,,,,1.0,,,,,,1.0,3.0,,1.0,,,,,,,,,,,,,,,,1.0,,2.0,,,,,,,,,,,,1.0,,,,,,,,,,,,,,,,,,,,,
Nutritional genomics,,,,,,,,,,,,,,,,,,,,,,,,,,,,,,,,,,,,,,,,,,,,,,,,,,,,,,,,,,,,,,,,,,,,,,,,,,,,,,,,,,1.0,,,,,,,,,,,,,,,,,,,,,,,,,,,,,,,,,,,,,,,,,,
Oncolytic virus,,,,,,,,,,,,,,,,,,,,,,,,,,,,,,,,,,,,,,,,,,,,,,,,,,,,,,,,,,,,,,,,,,,,,,,,,,,,,,,,,,,,,,,,,,1.0,3.0,,,,,,,,,,,,,4.0,2.0,,,,,,,,,,,,,,,,,,,
Optical coating,,,,,,,,,,,,,,,,,,,,,,,,,,,,,,,,,,,,,,,,,,,,,,,,,,,,,,,,,,,,,,,,,,,2.0,,,,2.0,,,,,,,,,,,,,1.0,,1.0,,,3.0,,,,3.0,,,,,,,,,,,2.0,,,,,,,,,,,,,,,,,,,,
Organ-on-a-Chip,,,,,,,,,,,,,,,,,,,,,,,,,,,,,,,,,,,,,,,,,,,,,,,,,,,,,,,,,,,,,,,,,,,,,,,,,,,,,,,,,,,,,,,,,1.0,1.0,,,,,,,,,,,,,,,,,,2.0,,,,,,,,,,,,,,,,
Organic solar cell,,,,,,,,,,,,,,,,,,,,,,,,,,,,,,,,,,,,,,,,,,,,,,,,,,,,,,,,,,,,,,,,,,,,,,,,,,,1.0,,,,1.0,,,,,,,,,,,,,2.0,,,,,,,,,,,,,,,,1.0,,,,1.0,,,,,,,,,,,,
Perovskite solar cell,,,,,,,,,,,,,,,,,,,,,,,,,,,,,,,,,,,,,,,,,,,,,,,,,,,,,,,,,,,,,1.0,,,,,,,,,,,,3.0,1.0,,,,,3.0,,,,,,,1.0,,,,,1.0,,,,,,,,,2.0,8.0,,,,,,,,,,1.0,,,,,,,,,,,,,
Phage therapy,,,,,,,,,,,,,,,,,,,,,,,,,,,,,,,,,,,,,,,,,,,,,,,,,,,,,,,,,,,,,,,,,,,,,,,,,,,,,,,,,,,,,,,,,,,,,,,,,,1.0,,,,,,,,4.0,,,,,,,,,,,,,,,,,,
Photonic Metamaterial,,,,,,,,,,,,,,,,,,,,,,,,,,,,,,,,,,,,,,,,,,,,,,,,,,,,,,,,,,,,,,,,,,,,,,,,,,,,,,,,,1.0,,,,,,,,,,,,,,,,,,,,,,,,,,,,,,,,,,,,,,,,,,,
Plasma Medicine,,,,,,,,,,,,,,,,,,,,,,,,,,,,,,,,,,,,,,,,,,,,,,,,,,,,,,,,,,,,,,,,,,1.0,,,,,,,,,,,,,,,,,,,,,,,,,,,,,,,,,,,,,,,,,,,,,,,,,,,,,,,,,,
Portable water purification,,,,,,,,,,,,,,,,,,,,,,,,,,,,,,,,,,,,,,,,,,,,,,,,,,,,,,,,,2.0,,,,,,,,,,,,,,,2.0,,,,,,,,,,,,,,,,,,,,,,,,,,,,,,,,,,,,,,,,,,,,,,,,,,,,
Powered exoskeleton,,,,,,,,,,,,,,,,,,,,,,,,,,,,,,,,,,,,,,,,,,,,,,,,,,,,,,,,,,,,,,,,,,,,,,,,,,,,,,,,,,,,,,,,,,,,1.0,,,,,,,,,,,,,,1.0,,,,,,,,,,,,,,,,,,
Precision agriculture,,,,,,,,,,,,,,,,,,,,,,,,,,,,,,,,,,,,,,,,,1.0,,,,,,,,,,,,,,,,,,,,,,,,,,,,,,,1.0,,,1.0,,,9.0,3.0,7.0,5.0,1.0,5.0,2.0,1.0,1.0,,1.0,2.0,,,,,,,,,,1.0,,2.0,,,,,,,,,,1.0,,,8.0,1.0,,1.0,,7.0,,,,1.0,
Precision livestock farming,,,,,,,,,,,,,,,,,,,,,,,,,,,,,,,,,,,,,,,,,,,,,,,,,,,,,,,,,,,,,,,,,,,,,,,,,,,,,,,,,,,,,,,,,,,,,,,,,,,,,2.0,,,,,,,,3.0,,1.0,,,,,,,,,,,,,
Predictive maintenance,,,,,,,,,,,,,,,,,,,,,,,,,,,,,,,,,,,,,,,,,,,,,,,,,,,,,,,,,,,6.0,,,,,,,,,,,,,,,,,,,,,,1.0,,,2.0,1.0,,,1.0,,,1.0,3.0,1.0,,1.0,2.0,,,2.0,1.0,,,,1.0,,,,,,,,,,,1.0,,,,,,,,1.0,
Proton Battery,,,,,,,,,,,,,,,,,,,,,,,,,,,,,,,,,,,,,,,,,,,,,,,,,,,,,,,,,,,,,,,,,,,,,,,,,,,,,,,,,,,,,,,,,,,3.0,,,,,,,,,,,,,,,,,,,,,,,,,,,,,,,,,
Quadcopter,,,,,,,,,,,,,,,,,,,,,,,,,,,,,,,,,,,,,,,,,,,,,,,,,,,,,,,,,,,,,,,,,,,,,,,,,,,,,,,,,,,,,2.0,,,,,1.0,,,,,,,,,,,,,,,,,,,,,,,,,,,,,,,,,,
Quantum algorithm,,,,,,,,,,,,,,,,,,,,,,,,,,,,,,,,,1.0,,,,,,,,,,,,,,,,,,,,,,,,,,,,,,,,,,1.0,,,,,,,,,,,,,,,,,,,,,,,,,,,,,,,,,2.0,3.0,,,,,,,,,,,,,,,,,,,,,,,
Quantum cryptography,,,,,,,,,,,,,,,,,,,,,,,,,,,,,,,,,,,,,,,,,,,,,,,,,,,,,,,,,,3.0,,,1.0,,,,,,,,,,,,,,,,,,,,,,,,8.0,,,1.0,6.0,1.0,,3.0,1.0,4.0,,,,,2.0,2.0,7.0,3.0,,,,,1.0,,,,,,,1.0,,,,,,1.0,1.0,,,
Quantum dot,,,,,,,,,,,,,,,,,,,,,,,,,,,,,,,,,,,,,,,,,,,,,,,,,,,,,,9.0,2.0,5.0,,3.0,2.0,6.0,1.0,3.0,,,1.0,2.0,2.0,3.0,,,,,,,,1.0,,2.0,2.0,1.0,1.0,,,1.0,,,1.0,1.0,,1.0,5.0,3.0,1.0,,1.0,,,1.0,,,,1.0,3.0,,,,,,,1.0,,,1.0,,1.0,1.0,,3.0,,,,,,
Radio-frequency identification,,,,,,,,,,,,,,,,,,,,,,,,,,,,,,,,,,,,,,,,,,,,,,,,,,,,,,,,,,,1.0,,,,,,1.0,,,,,,2.0,3.0,,,,,,,,,,,,5.0,,1.0,1.0,,1.0,,,1.0,,,,,,1.0,1.0,1.0,,,,,,,,,,,,,,,,,,,,,,,,
Rapid diagnostic test,,,,,,,,,,,,,,,,,,,,,,,,,,,,,,,,,,,,,,,,,,,,,,,,,,,,,,,,,,4.0,,,,,,,,,,,,,,,,,,,,,,,,,,,,,,,,,,,,,,,1.0,,,,,,,,,,,,,,,,,2.0,,,,,,,2.0,,,
Rapid transit,,,,,,,,,,,,,,,,,1.0,,,,,,,,,,,,,,,,,,,,,,,,,,,,,,,,,,,,,,,,,,,,,2.0,,,,,,,,,,,,,,2.0,,1.0,,1.0,3.0,1.0,,,4.0,1.0,1.0,1.0,3.0,2.0,,,9.0,1.0,1.0,1.0,,,,2.0,1.0,2.0,1.0,3.0,2.0,,,,,,,1.0,1.0,,,,,,1.0,6.0,,2.0,,
Real-time polymerase chain reaction,,,,,,,,,,,,,,,,,,,,,,,,,,,,,,,,,,,,,,,,,,,,,,,,,,,,,,,,,,1.0,,,,,,,,,,,,,,,,,,,,,,,,,,,,,,,,,,,,,,,,,,,,,,,,,,,,,,,,,,,,,,,,,,
Regenerative Medicine,,,,1.0,,1.0,,1.0,,,,,,,,,,,,,,1.0,,,,,1.0,,,,,,,1.0,,1.0,,,,,,,1.0,,1.0,,,1.0,,,,4.0,9.0,9.0,46.0,23.0,24.0,25.0,10.0,6.0,36.0,4.0,13.0,31.0,15.0,16.0,50.0,7.0,20.0,9.0,13.0,12.0,25.0,23.0,11.0,14.0,9.0,15.0,19.0,27.0,19.0,11.0,9.0,14.0,15.0,20.0,11.0,31.0,18.0,15.0,28.0,13.0,18.0,17.0,11.0,7.0,4.0,7.0,9.0,5.0,27.0,16.0,20.0,9.0,21.0,3.0,9.0,2.0,1.0,4.0,4.0,1.0,4.0,,8.0,2.0,9.0,2.0,8.0,4.0,2.0,,13.0,
Robot end effector,,,,,,,,,,,,,,,,,,,,,,,,,,,,,,,,,,,,,,,,,,,,,,,,,,,,,,,,,,,,,,,,,,,,,,,,,,,,,,,,,,,,,,,,,,,,,,,,,,,,,,,,,5.0,,,,,,,,,,,,,,,,,,,
Self-cleaning surfaces,,,,,,,,,,,,,,,,,,,,,,,,,,,,,,,,,,,,,,,,,,,,,,,,,,,,,,,,,,,,,,,,,,,,,,,,,,,,,,,,,,,,,,,,,,,,,,,,,,,,,,,,,,,,1.0,,,,,,,,,,,,,,,,
Shape Memory Polymer,,,,,,,,,,,,,,,,,,,,,,,,,,,,,,,,,,,,,,,,,,,,,,,,,,,,,,,,,,,,,,,,,,,,,,,2.0,,,,,,,2.0,,,,,,,,,,,,,,,,,,,,,,,,,,,,,,,,,,,,,,,,,,,,,,
Shape-memory alloy,,,,,,,,,,,,,,,,,,,,,,,,,,,,,,,,,,,,,,,,,,,,,,,,,,,,,,1.0,,,,,,,,,,,,,,1.0,,,,,,,,,,,,,,,,,,,,2.0,,,,,1.0,,,,,,,,,,,,,,,,,,,1.0,,,,,,,,,,,,
Silicene,,,,,,,,,,,,,,,,,,1.0,,,,,,,,,,,,,,,,,,,,,,,,,,,,,,,,,,,4.0,,,,,,,,,1.0,,,,,,,,,,,,,,,,,,,,,,,,,,,,,,,,,,,,,,,,,,,,,,,,,,,,,,,,,,,,,,
Single Cell Analysis,,,,,,,,,,,,,,,,,,,,,,,,,,,,,,,,,,,,,,,,,,,,,,,,,,,,,,,,,,,,,,,,,,,,,,6.0,,,,,,,1.0,,,,,,,,1.0,,,,,1.0,,,,,1.0,,,,,1.0,,,,,,,,,,,,,,1.0,,,,,,,,,,
Smart grid,,,,1.0,,,1.0,,,,,,1.0,,,1.0,,,1.0,1.0,1.0,,,1.0,,2.0,2.0,2.0,1.0,,1.0,1.0,2.0,,,,,,1.0,,1.0,,2.0,,,,,,,,,,1.0,15.0,3.0,4.0,9.0,6.0,4.0,,1.0,10.0,1.0,15.0,7.0,2.0,1.0,,3.0,1.0,,7.0,2.0,14.0,6.0,4.0,2.0,12.0,10.0,5.0,5.0,6.0,4.0,19.0,5.0,1.0,1.0,8.0,9.0,1.0,6.0,8.0,8.0,1.0,5.0,4.0,3.0,2.0,1.0,4.0,2.0,2.0,,,3.0,1.0,2.0,1.0,,,,2.0,,,2.0,,,,,,,2.0,1.0,
Smart highway,,,,,,,,,,,,,,,,,,,,,,,,,,,,,,,,,,,,,,,,,,,,,,,,,,,,,,,,,,,,,,,,,,,,,,,,,,,,,,,,,,,,,2.0,,,,,,,,,,,,,,,,1.0,,,,,,,,,,,,,,,,,,,,,,,
Smartphone,,,1.0,,1.0,,,,,1.0,,,,,,2.0,,,2.0,1.0,2.0,3.0,,,1.0,,,,3.0,5.0,4.0,2.0,1.0,,5.0,2.0,2.0,2.0,,3.0,1.0,2.0,2.0,1.0,2.0,1.0,1.0,2.0,2.0,,,21.0,32.0,106.0,48.0,36.0,48.0,31.0,22.0,51.0,31.0,33.0,17.0,51.0,41.0,53.0,35.0,9.0,22.0,4.0,23.0,35.0,70.0,44.0,45.0,28.0,19.0,16.0,10.0,12.0,21.0,10.0,13.0,21.0,8.0,34.0,18.0,35.0,35.0,17.0,16.0,16.0,9.0,5.0,29.0,35.0,12.0,19.0,13.0,19.0,57.0,29.0,19.0,35.0,91.0,24.0,23.0,17.0,9.0,10.0,8.0,18.0,6.0,9.0,6.0,,2.0,20.0,8.0,3.0,9.0,2.0,5.0,9.0
Sodium-cooled fast reactor,,,,,,,,,,,,,,,,,,,,,,,,,,,,,,,,,,,,,,,,,,,,,,,,,,,,,,,1.0,,,,,,,,,,,,,,,,,,,,,,,,,,,,,,,,,,,,,,,,,,,,,,,,,,,,,,,,,,,,,,,,,,,,,
Solid-state transformer,,,,,,,,,,,,,,,,,,,,,,,,,,,,1.0,,,,,,,,,,,,,,,,,,,,,,,,,,,,,,,7.0,,,,,,,,,1.0,,,,,,,,,,,,,,,,,,,,,,,,,,,,,,,,,1.0,,,,,,,,,,,,,,,,,,,,,,1.0,
Space elevator,,,,,,,,,,,,,,,,,,,,1.0,,,,,,,,,,,,,,,,,,,,,,,,,,,,,,,,1.0,,,,,,,,,,3.0,,,1.0,3.0,1.0,,,,,,,,,,,,,,,,,,,,,,,,,,1.0,,,1.0,11.0,,,,,,,,,,,,,2.0,,,,,,,,,,,,,,
Space-based solar power,,,,,,,,,,,,,,,,,,,,,,,,,,,,,,,,,,,,,,,,,,,,,,,,,,,,3.0,1.0,,8.0,,1.0,,,,,,,,,,,,,,,,,,,,,,,,,,,,,,,,,,,,,,,,,,,,,1.0,,,,1.0,,,,,,,,,,,,,,,,,,
Spaceplane,,,,,,,,,,,,,,,,,,,,,,,,,,,,,,,,,,,,,,,,,,,,,,,,,,,,,,,,,,,,,,,,,,,,,,,,,,,,,,,,,,,4.0,,,,,,,,,,,,,,,,,1.0,,,,,2.0,,,,,,,,,,,,,,,,,,,
Spatial computing,,,,,,,,,,,,,,,,,,,,,,,,,,,,,,,,,,,,,,,,,,,,,,,,,,,,,,,,,,,,,,,,,,,,,,,,,,,,,,,,,,,,,,,,,,,,,,,,,,,,,,,,1.0,,,,,,3.0,,,,,,,,,,,,,,
Spintronics,,1.0,,,,,,,,,,,,,,,,,,,,,,,,,,,,,,,,,,,,,,,,,,,1.0,,,1.0,,,,,1.0,,,,,,,,,1.0,1.0,,,,1.0,1.0,3.0,,2.0,3.0,2.0,,3.0,2.0,1.0,,1.0,,2.0,1.0,2.0,,2.0,,1.0,,3.0,1.0,5.0,,3.0,,,,,,2.0,1.0,,,7.0,,4.0,2.0,2.0,2.0,4.0,3.0,3.0,1.0,1.0,,2.0,,5.0,5.0,4.0,,3.0,,2.0,1.0
Stablecoin,,,,,,,,,,,,,,,,,,,,,,,,,,,,,,,,,,,,,,,,,,,,,,,,,,,,,,,,,,,,,,,,,,,,,,,,,,,,,,,,,,,,,,,,,,,,,,,,,2.0,,,,,12.0,,2.0,,,,,1.0,,,2.0,1.0,,2.0,,,,,,,,,
Stem-cell therapy,,,,,,,,,,,,,,,,,,,,,,,,,,,,1.0,,,,,,,,,,,,,,,,,,,,,,,,,,,4.0,,,,,,1.0,3.0,,3.0,18.0,,1.0,,,3.0,,,,8.0,1.0,,,,1.0,5.0,2.0,,2.0,1.0,,1.0,4.0,,2.0,1.0,4.0,1.0,1.0,2.0,,,,,,1.0,,5.0,2.0,,3.0,2.0,,,2.0,,,,1.0,1.0,,,6.0,,,,,,3.0,
Structural health monitoring,,,,,,,,,,,,,,,,,,,,,,,,,,,,,,,,,,,,,,,,,,,,,,,,,,,,,,,,,,,,,,,,,,,,,,,,,,,,,,1.0,,,,,,,,1.0,,,2.0,,1.0,1.0,,,,,,,,4.0,,,3.0,,,,,,,1.0,,,,,,,,,,,,,,1.0
Superalloy,,,,,,,,,,,,,,,,,,,,,,,,,,,,,,,,,,,,,,,,,,,,,,,,,,,,,,,,,,,,,,1.0,,,,1.0,1.0,,,,,,,,,,,,1.0,,,,,,,1.0,,2.0,1.0,,,,2.0,,,,,,,,,,1.0,,,,,,,,,,1.0,,,,,,,,,,,
Supercapacitor,,,,,,,,,,,,,,,,,,,,,,,,,,,,,,,,,,,,,,,,,,,,,,,,,,,,,,1.0,1.0,,,,,,,1.0,1.0,,5.0,,,1.0,,,1.0,,,,1.0,2.0,,,2.0,7.0,8.0,1.0,18.0,,,,,1.0,1.0,,,,,,1.0,,,,5.0,,,3.0,1.0,,16.0,,1.0,,,1.0,,,,,,,,,,2.0,,,,
Suspended animation,,,,,,,,,,,,,,,,,,,,,,,,,,,,,,,,,,,,,,,,,,,,,,,,,,,,,,,,,,,,,,,,,,,,,,,,,,,,,,,,,,,,,,,,,,,,,,,,,,,,,,,,,,,,,,,,,,,,,,1.0,,,,,,
Swarm robotics,,,,,,,,,,,,,,,,,,,,,,,,,,,,,,,,,,,,,,,,,,,,,,,,,,,,,,,,,,,,,,,,,,,,,,,,,,,,,,,,,5.0,,,,,,,,,,,,,,,,,,,,,,,,,,,,,,,,,,,,,,,,,,,
Targeted drug delivery,,,,,,,,,,,,,,,,,,,,,,,,,,,,,,,,,,,,,,,,,,,,,,,,,,,,,,,,,,,,,,,,,,,1.0,,,,,,,,1.0,1.0,,1.0,,,,,,,,,,,,1.0,,,,,,,,,,,,,,,,,,,,,,,,,,,,,,,,,,
Urban mining,,,,,,,,,,,,,,,,,,,,,,,,,,,,,,,,,,,,,,,,,,,,,,,,,,,,,,,,,,,,,,,,,,,,,,,,,,,,1.0,,,,,,,,,,,,,,,,,,,,,,,,,,,,,,,,,,,,,,,,,,,,,,,,
Urban rail transit,,,,,,,,,,,,,,,,,,,,,,,,,,,,,,,,,,,,,,,,,,,,,,,,,,,,,,,,,,,,,,,,,,,,,1.0,,,,,,,,,,,,,,,,,,,,,,,,,,,,,,,,,,,,,,,,,,,,,,,,,,,,,,,
VTOL,,,,,,,,,,,,,,,,,,,,,,,,,,,,,,,,,,,,,,,,,,,,,,,,,,,,,,,,,,,,,,,,,,,,,,,,,,,,,3.0,,,,,,,,1.0,,,,1.0,,,,,,1.0,4.0,,,1.0,1.0,,,2.0,,,4.0,,,,,,1.0,,,,,,,1.0,,,,1.0,
Vertical farming,,,,,,,,,,,,,,,,,,,,,,,,,,,,,,,,,,,,,,,,,,,,,,,,,,,,,,,,1.0,,1.0,,,,,,2.0,,1.0,1.0,6.0,3.0,,1.0,,1.0,2.0,,1.0,17.0,4.0,1.0,1.0,2.0,1.0,1.0,2.0,3.0,,3.0,3.0,3.0,1.0,3.0,,3.0,3.0,2.0,1.0,2.0,6.0,1.0,5.0,2.0,4.0,6.0,4.0,3.0,,1.0,1.0,1.0,,1.0,,,1.0,1.0,,1.0,,,2.0,,,,
Video tracking,,,,,,,,,,,,,,,,,,,,,,,,,,,,,,,,,,,,,,,,,,,,,,,,,,,,,,,,,,,,,,,,,,1.0,,,,,,,,,,,,,,,,,,,,,,,,,,,,,,,,,,,,,,,,,,,,,,,,,,,,,,,,,,
Virtual power Plant,,,,,,,,,,,,,,,,,,,,,,,,,,,,,,,,,,,,,,,,,,,,,,,,,,,,,,,,,,,,,,,,,,,,,,,,,,,,,,,2.0,,1.0,2.0,,4.0,,,,5.0,,,,2.0,,,,,,,,,3.0,1.0,1.0,,,,,,,,,,,,1.0,,,1.0,,,,,10.0,
Virtual reality,,,,,,,,,,,,,,,,,,,,,,,,,,,,,,,,,,,,,,,,,,,,,,,,,,,,,2.0,3.0,1.0,2.0,1.0,11.0,8.0,3.0,,,4.0,2.0,8.0,6.0,8.0,1.0,1.0,1.0,5.0,3.0,17.0,12.0,4.0,3.0,4.0,6.0,4.0,1.0,13.0,7.0,4.0,7.0,4.0,8.0,3.0,15.0,3.0,6.0,7.0,7.0,22.0,9.0,3.0,11.0,6.0,3.0,4.0,3.0,7.0,5.0,1.0,2.0,4.0,,5.0,,3.0,2.0,,2.0,2.0,4.0,4.0,,1.0,3.0,3.0,3.0,3.0,1.0,1.0,
Virtual retinal display,,,,,,,,,,,,,,,,,,,,,,,,,,,,,,,,,,,,,,,,,,,,,,,,,,,,,,,,,,,,,,,,1.0,,,,,,,,,,,,,,,,,,,,,,,,,,,,,,,,,,,,,,,,1.0,,,,,1.0,,,,,,,,,,,,,,,
Visible Light Communication,,,,,,,,,,,,,,,,,,,,,,,,,,,,,,,,,,,,,,,,,,,,,,,,,,,,,,,,,,2.0,2.0,4.0,4.0,1.0,,,4.0,,,,1.0,1.0,1.0,1.0,,,,,,2.0,1.0,1.0,2.0,1.0,2.0,,,,,2.0,,,,,1.0,,1.0,,,3.0,,1.0,1.0,,,,,,,,,,,,,1.0,,,,,,,,,,
Volumetric display,,,,,,,,,,,,,,,,,,,,,,,,,,,,,,,,,,,,,,,,,,,,,,,,,,,,,,,,,,,,,,,,,,,,,,,,,,,,,,7.0,,,,,,,,,,,8.0,1.0,,,,,1.0,,,,,,,,,,,,,,,,,,1.0,,3.0,5.0,,,,,,,,
Wireless power transfer,,,,,,,,,,,,,,,,,,,,,,,,,,,,,,,,,,,,,,,,,,,,,,,,,,,,,,,,,,,,,,,,,,,,,,,,,,,,,,,,,,,,,,,,,,,,,,,,,,,,2.0,,,,,,,,,,,,,,,,,,,,,,,,
Zeolite,,,,,,,,,,,,,,,,,,,,,,,,,,,,,,,,,,,,,,,,,,,,,,,,,,,,,,,,,,,,1.0,,,,,,,2.0,3.0,1.0,,1.0,,,1.0,,4.0,4.0,,,,1.0,,2.0,1.0,1.0,,,2.0,1.0,,3.0,1.0,,,1.0,1.0,1.0,,,4.0,3.0,,,,,,,,,,,,1.0,,,,,,4.0,,,,,
Zero-energy building,,,,,,,,,,,,,,,,,,,,,,,,,,,,,,,,,,,,,,,,,,,,,,,,,,,,,,,,,,,,,,,,,,,,,,,,,,,,,,,,,,,,,,,,,,,,,,,,,,,,,,,,,,,,,,,,,,,,,,,,,,5.0,,
agricultural robot,,,,,,,,,,,,,,,,,,,,,,,,,,,,,,,,,,,,,,,,,,,,,,,,,,,,,,,,,,,,,,,1.0,,,,,,,,,,,,,,1.0,,,,1.0,,,,,,,,,,,,,,,,,,,,,,2.0,,,,,,,,,,,,,,,,,,,,,
aquaponics,,,,,,,,,,,,,,,,,,,,,,,,,,,,,,,,,,,,,,,,,,,,,,,,,,,,,,,,,,,,,,,,,,,,,,,,1.0,,,,,,1.0,,,2.0,,1.0,,2.0,1.0,2.0,,5.0,,1.0,,,1.0,4.0,,1.0,3.0,2.0,,,2.0,,1.0,,,,2.0,,,,,,,,,,1.0,,,,,,
artificial island,,,,,,,,,,,,,,,,,,,,,,,,,,,,,,,,,,,,,,,,,,,,,,,,,,,,,,,,,,,,,,,,,,,,,,,,,,,,,,,,,,,,1.0,,,,,,,,,,,,,,,,,,,,,,,1.0,,,,,,,,,,,,,,,,5.0,
cellular agriculture,,,,,,,,,,,,,,,,,,,,,,,,,,,,,,,,,,,,,,,,,,,,,,,,,,,,,,,,,,,,,,,,,,,,,,,,,,,,,,,,,,,,,,,,,,,,,,,,,,,,,,10.0,4.0,1.0,2.0,,,,,,,,,,,,,,,,,,,
concentrated solar power,,,,,,,,,,,,,,,,,,,,,,,,,,,,,,,,,,,,,,,,,,,,,,,,,,,,,,,,,,,,,,,,,,,,,,,,1.0,1.0,,,,,,,,1.0,,,,,,,,,,,,,,,,,,,,,,1.0,,,,,,,,,,,,,,,,,1.0,,,,
e-Reader,,,,,,,,,,,,,,,,,,,,,,,,,,,,,,,,,,,,1.0,,1.0,,,,,,,,,,,,,,,,,1.0,,,,,,,,,,1.0,1.0,,,,,,,,,,,,,,,,,,,,1.0,,,,,,2.0,,,,,,,,,,1.0,,,,,,,,,,,,1.0,,,,,,,,,,
hydrogen vehicle,,,,,,,,,,,,,,,,,,,,,,,,,,,,,,,,,,,,1.0,,,,,,,,,,,,,,,,,,,,,,,,,,,,,,,,,,,,,,,,,,,,,,,,,,,,,,,,,2.0,,,,,,,,1.0,,,,,,,,,,,,,,,,,,,,,,1.0,
hydroponics,,,,,,,,,,,,,,,,,,,,,,,,,,,,,,,,,,,,,,,,,,,,,,,,,,,,,,,,,,,2.0,,,,,5.0,,,1.0,,,,,,,,,,,,1.0,,2.0,,,,,1.0,,,4.0,2.0,,,2.0,1.0,,,1.0,3.0,,,1.0,1.0,2.0,,,,,1.0,,,,,2.0,1.0,,,,,1.0,,,2.0,,
meat analogue,,,,,,,,,,,,,,,,,,,,,,,,,,,,,,,,,,,,,,,,,,,,,,,,,,,,,,,,,,,,,,,,,,,,,,,,,,,,,,,,,,,,,,,,,,,,,,,,,,,,,1.0,,,3.0,,,,,,,,,,,,,,,,,,,,
music technology,,,,,,,,,,,,,,,,,,,,,,,,,,,,,,,,,,,,,,,,,,,,,,,,,,,,,,,,,,,,,,,,,,1.0,,,,,,,,,,,,,,,,,,,,1.0,,,,,,,,,,,,,,,,,,,,,,,,,,,,,,,,,,,,,,
second-generation biofuels,,,,,,,,,,,,,,,,,,,,,,,,,,,,,,,,,,,,,,,,,,,,,,,,,,,,,,,,,,,,,,,,,,,,,,,,,,,1.0,,,,,,,,,,,,,2.0,,,,,,,,,,,,,,,,,,,,,,,,,,,,,,,,,,,,
self assembly,,,,,,,,,,,,,,,,,,,,,,,1.0,,,,,,,,,,,,,,,,,,,,,,,,,,,,,,,,,,,,,,,,,,,,,,,,1.0,,1.0,,,,,,,,1.0,,,,,,1.0,,1.0,,,,3.0,1.0,,,,,,,,,,,4.0,1.0,,,,,,,,,,,,,3.0,,,,,
three-dimensional integrated circuit,,,,,,,,,,,,,,,,,,,,,,,,,,,,,,,,,,,,,,,,,,,,,,,,,,,,,,,,,,,,,,,,,,,,,,,,,,,,,,,,,,,,,,,,,,,,,,,,,,,,2.0,,,,,,,,,,,,,,,,,,,,,,,,
