domains,posts,upvotes,last_updated,discussion_links
meta,r/Futurology's Official Discord - A relaxed place to chill and discuss all things Futurology.,931,2018,https://discordapp.com/invite/JtaYWC3
Environment,"World close to ‚Äòirreversible‚Äô climate breakdown, warn major studies | Climate crisis",7.6k,2022,https://www.theguardian.com/environment/2022/oct/27/world-close-to-irreversible-climate-breakdown-warn-major-studies
Society,"The Netherlands may be the first country to hit the limits of growth | The country has 507 people per sq km, nearly five times the EU average, while liveable land is shrinking due to climate change",3.0k,2022,https://www.ft.com/content/4c56c9b2-f4ad-4956-9216-655acebd845d
Environment,"Volkswagen develops hydrogen car that can travel 2,000 kilometers on one tank. ‚ÄòThe main difference with the fuel cells from Hyundai & Toyota is that we use a ceramic membrane instead of the usual plastic membrane. That is a huge difference‚Äô, an employee of Kraftwerk Tubes explains",26.9k,2022,https://www.ruetir.com/2022/10/29/volkswagen-develops-hydrogen-car-that-can-travel-2000-kilometers-on-one-tank/?h2feed
Energy,"New solar capacity 10 times cheaper than gas, says intelligence company Rystad",1.5k,2022,https://www.pv-magazine.com/2022/10/27/new-solar-capacity-10-times-cheaper-than-gas-says-rystad/
Energy,Researchers Discover Substitutes For Rare Earth Materials In Magnets,1.2k,2022,https://cleantechnica.com/2022/10/29/researchers-discover-substitutes-for-rare-earth-materials-in-magnets/
Environment,Antarctica's emperor penguins at risk of extinction due to the climate crisis,686,2022,https://edition.cnn.com/2022/10/29/world/emperor-penguins-threatened-species-climate-scn/index.html
Space,"A new NASA report on its lunar base, says only a tiny strip of the lunar south pole - 30km by 70km, approx the size of Luxembourg - will be suitable for human bases & will need to be shared with China & others, and suggest ""transit corridors"" & other security measures to reduce conflict situations",5.8k,2022,https://www.nasa.gov/offices/otps/NASA_Releases_Report_on_Policy_Matters_in_Upcoming_Moon_Missions
AI,"AI's true goal may no longer be intelligence. Some scholars of AI warn that the present technologies may never add up to ""true"" intelligence or ""human"" intelligence. But much of the world may not care about that.",8.9k,2022,https://www.zdnet.com/article/ai-true-goal-may-no-longer-be-intelligence/
Society,Megalopolis: how coastal west Africa will shape the coming century.,1.3k,2022,https://www.theguardian.com/world/2022/oct/27/megalopolis-how-coastal-west-africa-will-shape-the-coming-century?CMP=longread_email
Society,"The EU's Digital Services Act, due to become law in 2024, will likely become the global gold standard that American tech firms will be forced to adapt to. It will place substantial content moderation requirements on tech firms, including limiting false information, hate speech, and extremism.",25.5k,2022,https://slate.com/technology/2022/10/digital-services-act-european-union-content-moderation.html?
Society,UK police fail to meet 'legal and ethical standards' in use of facial recognition,1.3k,2022,https://www.cam.ac.uk/research/news/uk-police-fail-to-meet-legal-and-ethical-standards-in-use-of-facial-recognition
Transport,"No new combustion-engine cars from 2035, says European Union",554,2022,https://arstechnica.com/cars/2022/10/eu-agrees-to-ban-new-combustion-engine-cars-from-2035/
Transport,GM: All US facilities will be powered by renewables by 2025,4.3k,2022,https://apnews.com/article/science-business-detroit-climate-and-environment-743c2400ec23a6856adf6b884145197d
Space,Methane 'super-emitters' on Earth spotted by space station experiment,11.6k,2022,https://www.space.com/emit-instrument-international-space-station-methane-super-emitters
Energy,World‚Äôs 1st bulker powered by wind sails into Port of Newcastle,662,2022,https://www.offshore-energy.biz/worlds-1st-bulker-powered-by-wind-sails-into-port-of-newcastle/
Energy,China to break its own record: World‚Äôs new largest wind farm could power 13 million homes | The 10-kilometer-long offshore farm would be bigger than all of the power plants in Norway combined.,2.9k,2022,https://interestingengineering.com/innovation/china-worlds-largest-wind-farm
Biotech,Major breakthrough in cancer research: Papers reveal 'dark matter' that contributes to disease's growth,2.0k,2022,https://interestingengineering.com/health/breakthrough-cancer-research-dark-matter
Space,Astronomers have outlined how the JWST may be able to detect the biosignatures of extraterrestrial life in Earth sized planets orbiting the 15 nearest White Dwarf stars.,721,2022,https://www.universetoday.com/158341/webb-can-detect-planets-orbiting-white-dwarfs-and-maybe-even-see-signs-of-life/
Environment,Climate change: UN warns key warming threshold slipping from sight,2.2k,2022,https://www.bbc.com/news/science-environment-63407459?at_medium=RSS&at_campaign=KARANGA
Medicine,Germany to legalize cannabis use for recreational purposes.,6.6k,2022,https://www.reuters.com/world/europe/germany-legalize-cannabis-use-recreational-purposes-2022-10-26/
Society,The Great People Shortage is coming ‚Äî and it's going to cause global economic chaos | Researchers predict that the world's population will decline in the next 40 years due to declining birth rates ‚Äî and it will cause a massive shortage of workers.,43.9k,2022,https://www.businessinsider.com/great-labor-shortage-looming-population-decline-disaster-global-economy-2022-10?utm_source=reddit.com
Society,The Metaverse is the internet no one wants,3.2k,2022,https://www.theregister.com/2022/10/14/metaverse_internet_failure/
Biotech,"From Pitless Cherries to Softer Kale, This Startup Is Using CRISPR to Make Better Produce",5.3k,2022,https://singularityhub.com/2022/10/26/from-pitless-cherries-to-softer-kale-this-startup-is-using-crispr-to-make-better-produce/
Energy,"Dutch researchers reach 30% efficiency with perovskite/silicon tandem solar cells. They say this may soon be commercialized, and lead to dramatic performance improvements in existing solar installations.",2.0k,2022,https://www.tue.nl/en/news-and-events/news-overview/27-09-2022-four-terminal-perovskite-silicon-pv-tandem-devices-hit-30-efficiency/
Biotech,"Engineers at UNSW have found a way to convert nerve impulses into light, which could lead to nerve-operated prosthetics and brain-machine interfaces.",508,2022,https://newsroom.unsw.edu.au/news/science-tech/engineers-light-way-toward-bionics-future?utm_source=reddit&utm_medium=social
AI,Shutterstock will sell AI-generated art and 'compensate' human artists,936,2022,https://www.newscientist.com/article/2343953-shutterstock-will-sell-ai-generated-art-and-compensate-human-artists/
Biotech,Merck pays Moderna $250m for personalized cancer vaccine,912,2022,https://www.freethink.com/health/personalized-cancer-vaccine
Environment,"Climate Change Is Burying Archaeological Sites Under Tons of Sand, Leading To The Wearing Down Of Ancient Ruins, Hiding Them Under Dunes And Leaving Researchers Scrambling To Keep Track Of Where They‚Äôre Buried.",8.2k,2022,https://www.wired.com/story/drought-destroying-ancient-ruins/
Energy,"Move over, diesel: Ohio gets ‚Äòfirst of its kind‚Äô renewable gas station",1.5k,2022,https://www.nbc4i.com/news/local-news/groveport/move-over-diesel-ohio-gets-first-of-its-kind-renewable-gas-station/
Society,"'The Social Recession' ‚Äî Less friends, relationships on the decline, delayed adulthood, trust at an all-time low, and many diseases of despair. The prognosis is not great.",11.0k,2022,https://novum.substack.com/p/social-recession-by-the-numbers
Biotech,Beyond Meat is rolling out its steak substitute in grocery stores,17.4k,2022,https://www.cnbc.com/2022/10/24/beyond-meats-steak-substitute-coming-to-grocery-stores.html
Society,"NASA announces its unidentified aerial phenomena - A 16-people team ‚Äî including an astronaut, a space-treaty drafter, a boxer, and several astrobiologists ‚Äî will soon begin its review of unexplained aerial phenomena (UAP) for NASA research team to examine mysterious sightings.",593,2022,https://www.inverse.com/science/nasa-ufo-uap-study-team-members
Environment,Recycling plastic is practically impossible ‚Äî and the problem is getting worse,1.3k,2022,https://www.npr.org/2022/10/24/1131131088/recycling-plastic-is-practically-impossible-and-the-problem-is-getting-worse
Discussion,Could refusing to return to office mean a layoff? Job market's shifting tide may change the rules.,2.8k,2022,https://www.usatoday.com/story/money/2022/10/20/remote-workers-return-to-office-job-market-cools/10527961002/
Discussion,Rats with backpacks could help rescue earthquake survivors,5.2k,2022,https://www.cnn.com/2022/10/24/world/search-and-rescue-rats-apopo-hnk-spc-intl/index.html
Environment,"Plastic recycling a ""failed concept,"" study says, with only 5% recycled in U.S. last year as production rises",54.4k,2022,https://www.cbsnews.com/news/plastic-recycling-failed-concept-us-greenpeace-study-5-percent-recycled-production-up/
Energy,"China‚Äôs solar cell capacity doubled in 2021, is projected to double again in 2022, and again in 2023. China's manufacturing capacity could break 1 terawatt per year by 2024",2.2k,2022,https://pv-magazine-usa.com/2022/10/24/chinas-solar-cell-production-capacity-may-reach-600-gw-by-year-end/
AI,"Kraft Heinz announces a joint venture with food tech startup NotCo to develop plant-based alternatives for its products. NotCo's AI platform is capable of replicating animal products using plants alone. Their milk uses 74% less energy, 92% less water, and generates 74% less CO2 than regular milk.",604,2022,https://year2049.substack.com/p/3-problems-the-food-industry-is-facing
AI,Record Labels Say AI Music Generators Are Threatening The Music Industry And Are Infringing On Artists' rights.,4.5k,2022,https://www.vice.com/en/article/pkgxqz/record-labels-say-ai-music-generators-threaten-music-industry
Environment,"World's largest protein factory uses fermentation to produce 20,000 tonnes of protein annually for use in fish food in China",2.2k,2022,https://thefishsite.com/articles/calysseos-chinese-feedkind-plant-comes-online
Biotech,The cutting-edge cellular therapies aiming to ease America's organ shortage. Major transplantation surgeries could one day become outpatient procedures.,4.1k,2022,https://www.engadget.com/the-cutting-edge-cellular-therapies-aiming-to-ease-america-organ-shortage-140025730.html
AI,"In internal meetings and leaked documents, Amazon dreams of taking on Google's DeepMind by using machine learning to revolutionize drug discovery, genomics, clinical trials and more",3.6k,2022,https://www.businessinsider.com/amazon-machine-learning-ai-drug-discovery-clinical-trials-deepmind-google-2022-10
Computing,"The cloud and 5G security apocalypse is only a matter of time, say cybersecurity experts. Western companies that have switched from Huawei for 5G have made choices that are even more vulnerable to hacking.",697,2022,https://www.lightreading.com/security/the-cloud-and-5g-security-apocalypse-is-only-matter-of-time/d/d-id/781259
Environment,"The World is Running Out of Helium, Worrying Doctors | Liquid helium, the coldest element on Earth, is needed to keep the magnets in MRI machines running. Without it, doctors would lose a critical medical tool.",7.9k,2022,https://www.nbcnewyork.com/news/national-international/the-world-is-running-out-of-helium-worrying-doctors/3918574/
Computing,Strange new phase of matter created in quantum computer acts like it has two time dimensions,21.1k,2022,https://www.eurekalert.org/news-releases/958880
Space,Signatures of alien technology could be how humanity first finds extraterrestrial life,1.2k,2022,https://tech.hindustantimes.com/tech/news/signatures-of-alien-technology-could-be-how-humanity-first-finds-extraterrestrial-life-71666434581103.html
Energy,"China is building a 40 gigawatt offshore wind farm, the biggest power plant in existence",1.2k,2022,https://www.bloomberg.com/news/articles/2022-10-21/chinese-city-plans-offshore-wind-farm-that-could-power-norway
Biotech,UT Austin scientists design safer Cas9 with improved CRISPR gene editing accuracy,2.3k,2022,https://www.fiercebiotech.com/research/ut-austin-scientists-design-safer-cas9-improved-crispr-gene-editing-accuracy
Space,"Next month, Japanese company iSpace will become the first private company to deliver a lunar lander and commercial payload to the moon's surface. Two more private companies aim to follow them in 2023. Is this the start of a lunar economy?",1.6k,2022,https://www.cnbc.com/2022/10/12/japanese-moon-company-ispace-launching-cargo-mission-in-november.html?utm_term=Autofeed&utm_medium=Social&utm_content=Main&utm_source=Twitter#Echobox=1665585387
Society,"Scientists outlined one of the main problems if we ever find alien life, it's our politicians | Scientists suggest the geopolitical fallout of discovering extraterrestrials could be more dangerous than the aliens themselves.",36.4k,2022,https://interestingengineering.com/science/problems-finding-alien-life-politicians
Biotech,Engineers at Duke University have developed a novel delivery system for cancer treatment involving a radioactive implant demonstrating its potential against one of the disease‚Äôs most troublesome forms: pancreatic cancer.,5.0k,2022,https://newatlas.com/medical/radioactive-implant-wipes-tumors-unprecedented-pre-clinical-success/
Robotics,"""The robot is doing the job"": Robots help pick strawberries in California amid drought, labor shortage",1.8k,2022,https://www.cbsnews.com/news/robots-pick-strawberries-california/
Society,A new UN report explores how to make human civilization safe from destruction. There‚Äôs a way to make civilization extinction-proof. But it won‚Äôt be easy.,1.7k,2022,https://www.vox.com/future-perfect/23362175/un-human-development-report-ord-existential-security
Society,Welsh primary school kids to be fed insects as scientists urge young people to embrace ‚Äòalternative protein‚Äô and eco-friendly meat substitutes.,12.1k,2022,https://propermanchester.com/trending/primary-school-kids-to-be-fed-insects-as-an-eco-friendly-alternative-protein/
Environment,"The Pacific Ocean Is Shrinking By About An Inch Every Year and Will Form a New Supercontinent Called ""Amasia"", Scientists Say.",764,2022,https://www.vice.com/en/article/g5vwzq/the-pacific-ocean-is-shrinking-amasia-supercontinent
Computing,New research suggests our brains use quantum computation,4.6k,2022,https://phys.org/news/2022-10-brains-quantum.html
Energy,"Aeromine says they have solved many of the problems that have long made domestic rooftop wind power compare poorly to solar panels. They claim their ""motionless"" rooftop wind generators deliver up to 50% more energy than a solar array of the same price while taking up just 10% of the roof space.",1.3k,2022,https://newatlas.com/energy/aeromine-rooftop-wind/
Computing,The End of Moore‚Äôs Law: Silicon computer chips are nearing the limit of their processing capacity. But is this necessarily an issue? Copenhagen Institute for Futures Studies,666,2022,https://farsight.cifs.dk/are-we-at-the-end-of-moores-law/
Misleading,"Remote employees are working less, sleeping and playing more, Fed study finds",16.7k,2022,https://archive.ph/rl1Tk
Transport,"Chinese researchers say they have successfully tested a new maglev train in a partial vacuum tube at 130km/hour, and will now proceed with further testing. They hope further tests will reach speeds of 1,000km/hour, faster than commercial airliners.",2.0k,2022,https://global.chinadaily.com.cn/a/202210/18/WS634e386ea310fd2b29e7d280.html
AI,"Watch out models, the AI revolution is coming for your jobs",679,2022,https://www.digitaltrends.com/computing/ai-revolution-will-even-take-modeling-jobs/
Reddit Rule,"US unions are gaining momentum, but outdated labor laws are in their way",12.9k,2022,https://www.welcometothejungle.com/en/articles/future-of-american-labor-unions
AI,Joe Rogan AI interviewing AI Steve Jobs in a 20 minute podcast,3.6k,2022,https://hypebeast.com/2022/10/joe-rogan-steve-jobs-play-ht-podcast-ai-ai-powered-podcast
Energy,Australia can Slash Emissions 81% by 2030 using six Existing Technologies,661,2022,https://reneweconomy.com.au/australia-can-slash-emissions-81-pct-by-2030-using-existing-technologies-report-says/
Society,"If you had COVID, several of your organs could be aging 3-4 years faster: Study",20.8k,2022,https://abc7news.com/covid-long-haul-study-aging-faster-after-organs-kidney/12340213/
Environment,"Next pandemic may come from melting glaciers, new data shows. Analysis of Arctic lake suggests viruses and bacteria locked in ice could reawaken and infect wildlife.",2.0k,2022,https://www.theguardian.com/science/2022/oct/19/next-pandemic-may-come-from-melting-glaciers-new-data-shows
Energy,"Australia backs plan for intercontinental power grid | Australia touted a world-first project Tuesday that could help make the country a ""renewable energy superpower"" by shifting huge volumes of solar electricity under the sea to Singapore.",14.1k,2022,https://techxplore.com/news/2022-10-australia-intercontinental-power-grid.html
Robotics,"The killer ground drone revolution is here. The Netherlands has deployed four armed ground robots or unmanned ground vehicles (UGVs), making it the first NATO country to do so. The robots are Tracked Hybrid Modular Infantry Systems (THeMIS) UGVs built by the Estonian defense company Milrem Robotics.",1.1k,2022,https://www.vice.com/en/article/jgpax3/the-netherlands-has-deployed-natos-first-killer-robot-ground-vehicles
Energy,Shell has quietly closed down all its hydrogen filling stations in the UK,2.5k,2022,https://www.hydrogeninsight.com/transport/exclusive-shell-has-quietly-closed-down-all-its-hydrogen-filling-stations-in-the-uk/2-1-1335049
Environment,Phantom Forests: Why Ambitious Tree Planting Projects Are Failing,503,2022,https://e360.yale.edu/features/phantom-forests-tree-planting-climate-change
Energy,"Solar meets all electricity needs of South Australia from 10 am until 4 PM on Sunday, 90% of it coming from rooftop solar",24.6k,2022,https://reneweconomy.com.au/solar-eliminates-nearly-all-grid-demand-as-its-powers-south-australia-grid-during-day/
Biotech,A Plant-Based Gel Created That Immediately Treats Wounds for Humans and Animals,4.2k,2022,https://cheddar.com/media/how-this-plant-based-gel-can-treat-wounds
AI,Artists say AI image generators are copying their style to make thousands of new images ‚Äî and it's completely out of their control,1.2k,2022,https://www.businessinsider.com/ai-image-generators-artists-copying-style-thousands-images-2022-10
Biotech,Scientists Engineer Bacteria to Recycle Plastic Waste Into Valuable Chemicals,838,2022,https://singularityhub.com/2022/10/17/scientists-created-a-process-that-uses-chemistry-and-biology-to-turn-plastic-waste-into-valuable-chemicals/?utm_campaign=SU%20Hub%20Daily%20Newsletter&utm_medium=email&_hsmi=230063010&_hsenc=p2ANqtz-_v9ZNp3YOx6YxpDW27fmqAZpyyAfZF4y28DKoWAfuY0rYbGb16N7_FNEnSh0ORCKLrNP3yU-0H7lBCgoEa_I4Ct9iSIA&utm_content=230063010&utm_source=hs_email
Society,Inside the US facility where 199 'legally dead' humans and almost 100 pets await being revived,1.9k,2022,https://www.euronews.com/next/2022/10/14/inside-the-us-facility-where-199-legally-dead-humans-and-almost-100-pets-await-being-reviv
Society,"Most Metaverse Users Don't Even Make It a Month, WSJ Reports",5.3k,2022,https://www.businessinsider.com/most-metaverse-users-dont-even-make-it-a-month-wsj-2022-10
Society,"Our Civilization Is Hitting A Dead End Because This Is the Age of Extinction. The Numbers Are Startling. Extinction‚Äôs Here, And It‚Äôs Ripping Our World Apart.",26.1k,2022,https://eand.co/our-civilization-is-hitting-a-dead-end-because-this-is-the-age-of-extinction-3b960760cf37
Energy,"Nation‚Äôs First Nuclear-Powered Clean Hydrogen Production Announced. The Nine Mile Point Generating Station, the oldest operating U.S. nuclear power plant, will soon house the nation‚Äôs first nuclear-powered clean hydrogen production facility",859,2022,https://www.tomorrowsworldtoday.com/2022/10/17/nations-first-nuclear-powered-clean-hydrogen-production-announced/
Society,"A future independent Scotland would apply to rejoin the European Union and redesign the energy market, according to a new economic prospectus. | The Scottish government paper, which will be published on Monday, will set out proposals for key issues, such as currency and border arrangements.",7.2k,2022,https://www.bbc.com/news/uk-scotland-scotland-politics-63260224
Society,Ukraine isn't the world's only nuclear flashpoint: Taiwan crisis is getting ugly,945,2022,https://www.salon.com/2022/10/16/ukraine-isnt-the-worlds-only-nuclear-flashpoint-taiwan-is-getting-ugly_partner/
Biotech,"Vaccines to treat cancer possible by 2030, say BioNTech founders.",2.8k,2022,https://www.theguardian.com/society/2022/oct/16/vaccines-to-treat-cancer-possible-by-2030-say-biontech-founders?CMP=twt_gu#Echobox=1665943949
Biotech,The Race to Make a Vaccine for Breast Cancer,3.6k,2022,https://time.com/6220114/breast-cancer-vaccine-development/
Robotics,Canadian retailer Loblaws begins using Level 4 driverless trucks without safety drivers in Toronto,663,2022,https://www.collisionrepairmag.com/ev-av-report-loblaws-deploys-completely-driverless-trucks-in-toronto-magna-takes-its-slice-of-the-autonomous-pizza/
Society,"Meet the Army of Robots Coming to Fill In for Scarce Workers. Robots are spreading at a record pace, from their traditional strongholds like making automobiles into nearly every other human endeavor",1.3k,2022,https://archive.ph/M8Axg
Society,"Rent Going Up? One Company‚Äôs Algorithm Could Be Why - Texas-based RealPage‚Äôs YieldStar software helps landlords set prices for apartments across the U.S. With rents soaring, critics are concerned that the company‚Äôs proprietary algorithm is hurting competition.",8.5k,2022,https://www.propublica.org/article/yieldstar-rent-increase-realpage-rent
AI,"There‚Äôs a Damn Good Chance AI Will Destroy Humanity, Researchers Say",11.9k,2022,https://www.popularmechanics.com/technology/security/a41507433/stop-ai-from-taking-over/
Environment,"After 80% population drop in 4 years, Alaska cancels snow crab season in unprecedented move",21.1k,2022,https://www.usatoday.com/story/news/nation/2022/10/14/alaska-snow-king-crab-disappear/10496997002/
AI,"Students Are Using AI to Write Their Papers, Because Of Course They Are | Essays written by AI language tools like OpenAI's Playground are often hard to tell apart from text written by humans.",24.0k,2022,https://www.vice.com/en/article/m7g5yq/students-are-using-ai-to-write-their-papers-because-of-course-they-are
Transport,"US DoE-funded researchers claim a major breakthrough in dramatically reducing EV costs. They claim that using nickel foil as heating regulators allows 70% charging in 11 minutes, for batteries with a range of 320 km (200 miles), which will only need to be one-third the size of today's batteries.",3.2k,2022,https://www.azocleantech.com/news.aspx?newsID=32409
Society,"A leading academic predicts Britain will see the continuing decline of Christianity, the resurgence of fundamentalism, the rise of non-religion, the emergence of British Islam and a flourishing interest in ‚Äúmagic‚Äù.",1.4k,2022,https://religionmediacentre.org.uk/news/the-future-of-religion-in-britain/
Environment,"Animal populations have shrunk an average of 69% over the last half-century and are continuing to decline, a report says, and we've got limited time to try to fix it.",700,2022,https://www.npr.org/2022/10/14/1128858953/animal-populations-are-shrinking-drastically
AI,AI Can Offer Insight Into Who Responds to Antidepressants. A new algorithm predicts response to Sertraline with 83 percent accuracy.,1.8k,2022,https://spectrum.ieee.org/at-last-insight-into-who-responds-to-anti-depressants
Biotech,Moderna teams up with Merck for personalized vaccine against skin cancer,514,2022,https://interestingengineering.com/health/moderna-merck-personalized-skin-cancer-vaccine
Energy,"FREE ELECTRICITY! Credit Suisse analysis says Inflation Reduction Act will produce solar modules for two pennies a watt in Ohio, while federal tax credits will cover 50% of project costs.",549,2022,https://pv-magazine-usa.com/2022/10/14/could-we-see-u-s-solar-electricity-for-0-per-kwh/
Environment,E-waste: 5 billion phones to be thrown away in 2022,1.6k,2022,https://www.bbc.com/news/science-environment-63245150?at_medium=RSS&at_campaign=KARANGA
Energy,Miners are cutting CO2 emissions in half by switching to electric vehicles for extracting critical minerals,8.3k,2022,https://electrek.co/2022/10/13/miners-cut-co2-emissions-in-half-switching-electric-vehicles/
Biotech,'Our patients aren't dead': Inside the freezing facility with 199 humans who opted to be cryopreserved with the hopes of being revived in the future,28.1k,2022,https://metro.co.uk/2022/10/13/our-patients-arent-dead-look-inside-the-us-cryogenic-freezing-lab-17556468
Energy,Solar silicon manufacturing about doubling from 2022 into 2023 - predicted to lead to another cycle of oversupply driving solar panel pricing down,1.1k,2022,https://pv-magazine-usa.com/2022/10/13/global-polysilicon-capacities-may-nearly-double-by-end-of-2023-to-536-gw/
Transport,Elon Musk Has Some Bad Ideas for Mass Transit. We Have Solutions.,2.9k,2022,https://www.nytimes.com/2022/10/13/opinion/elon-musk-boring-loop.html
Space,The European Space Agency has unveiled a plan to harvest the sun‚Äôs energy in space and beam it down to power Earth,1.4k,2022,https://www.euronews.com/green/2022/10/13/scientists-dream-up-a-massive-floating-solar-farm-in-space-heres-how-it-would-work
AI,"This Danish Political Party Is Led by an AI | The Synthetic Party in Denmark is dedicated to following a platform churned out by an AI, and its public face is a chatbot named Leader Lars.",530,2022,https://www.vice.com/en/article/jgpb3p/this-danish-political-party-is-led-by-an-ai
Society,‚ÄòWoman who can smell Parkinson‚Äôs‚Äô helps scientists develop test This article is more than 1 month old. Scientists drew on 72-year-old Scot‚Äôs rare condition to help identify people with neurological condition,1.1k,2022,https://www.theguardian.com/society/2022/sep/07/woman-who-can-smell-parkinsons-helps-scientists-develop-test
,It is time to legalise cocaine. The costs of prohibition outweigh the benefits,13.7k,2022,https://www.economist.com/leaders/2022/10/12/joe-biden-is-too-timid-it-is-time-to-legalise-cocaine
Space,A Scientist Just Mathematically Proved That Alien Life In the Universe Is Likely to Exist,7.1k,2022,https://www.vice.com/en/article/qjkwem/a-scientist-just-mathematically-proved-that-alien-life-in-the-universe-is-likely-to-exist
Energy,US Federal Reserve sees EV ‚Äúbattery belt‚Äù developing as greater than 15 battery manufacturing facilities worth greater than $40 billion are in development in the US,2.1k,2022,https://www.dallasfed.org/research/economics/2022/1011.aspx
Energy,NASA has invented a new type of high-performance battery that researchers claim could be used to power fully electric airplanes.,983,2022,https://www.independent.co.uk/tech/nasa-battery-electric-planes-b2199312.html
Biotech,"""A Supersmeller Can Detect the Scent of Parkinson‚Äôs, Leading to an Experimental Test for the Illness""",5.4k,2022,https://www.scientificamerican.com/article/a-supersmeller-can-detect-the-scent-of-parkinsons-leading-to-an-experimental-test-for-the-illness/
Energy,South Korean researchers say they have developed an anode-free lithium-ion battery that is 40% more energy dense than existing batteries and will enable EVs to travel 630km (390 miles) on a single charge.,2.5k,2022,https://oilprice.com/Latest-Energy-News/World-News/Researchers-Develop-Lithium-Battery-With-40-More-Energy-Density.html
Robotics,Big Googly Eyes Could Make Autonomous Cars Safer For Pedestrians,544,2022,https://gizmodo.com/self-driving-cars-autonomous-vehicles-googly-eyes-study-1849643126
Environment,New Zealand plans to tax emissions from livestock burps and dung,787,2022,https://www.cnbc.com/2022/10/12/new-zealand-plans-to-tax-emissions-from-livestock-burps-and-dung.html
Biotech,"""New antibiotic hiding in diseased potatoes thwarts fungal infections in plants and humans""",4.7k,2022,https://cosmosmagazine.com/science/antibiotic-potato-fungal-infections/
Energy,A turbine prototype just broke a 24-hour wind power world record,9.7k,2022,https://electrek.co/2022/10/10/wind-turbine-24-hour-power-world-record/
Society,Police Are Using DNA to Generate 3D Images of Suspects They've Never Seen,3.0k,2022,https://www.vice.com/en/article/pkgma8/police-are-using-dna-to-generate-3d-images-of-suspects-theyve-never-seen?utm_source=reddit.com
Space,NASA says DART mission succeeded in altering asteroid's trajectory,1.5k,2022,https://www.reuters.com/lifestyle/science/nasa-says-dart-mission-succeeded-altering-asteroids-trajectory-2022-10-11/
Environment,Major milestone for Greek energy as renewables power 100% of electricity demand,2.4k,2022,https://www.euronews.com/green/2022/10/11/major-milestone-for-greek-energy-as-renewables-power-100-of-electricity-demand
Energy,Geothermal May Beat Batteries for Energy Storage: Enhanced geothermal systems are well suited to store excess renewable power as heat.,1.4k,2022,https://spectrum.ieee.org/geothermal-energy#toggle-gdpr
Energy,UK to build first grid connected Fusion Power plant,614,2022,https://step.ukaea.uk
Environment,Climate change and the threat to civilization: Scientists call for rigorous research into potential collapse,1.5k,2022,https://www.pnas.org/doi/10.1073/pnas.2210525119
Energy,Solar Rollout Rouses Resistance in Europe‚Äôs Countryside: Regulations meant to protect green space block the installation of solar panels despite soaring energy prices,1.2k,2022,https://www.wsj.com/articles/solar-rollout-rouses-resistance-in-europes-countryside-11665234001
Energy,"5.3GW of rooftop solar is due to be installed in the US in 2022, meaning rooftop solar will account for 1% of all US electricity generation",8.1k,2022,https://archive.ph/eINck
Environment,"The emerging climate tech sector will enjoy an 8.8 % growth rate over the next five years: tech companies that remove/reduce CO‚ÇÇ emissions are ‚Äúpoised for strong continued growth,‚Äù reaching an expected value of $1.4tn by 2027",2.6k,2022,https://www.eenews.net/articles/global-emissions-targets-spell-growth-for-co2-tech-sector/
Energy,"Engineers from UNSW Sydney have successfully converted a diesel engine to run as a 90% hydrogen-10% diesel hybrid engine‚Äîreducing CO2 emissions by more than 85% in the process, and picking up an efficiency improvement of more than 26%",28.1k,2022,https://techxplore.com/news/2022-10-retrofits-diesel-hydrogen.html
Transport,"This NASA space tech could make your EV charge faster, too. NASA's tech cools the EV cable to produce charging systems that are far more powerful than currently possible.",6.9k,2022,https://www.zdnet.com/article/this-nasa-space-tech-could-make-your-ev-charge-faster-too/
Energy,"3 GW, ‚Ç¨3.5 billion cable to carry solar and wind power from Egypt to Greece under the Mediterranean Sea",945,2022,https://www.africanews.com/2022/09/15/undersea-power-cable-to-connect-egypt-to-europe-via-greece/
Space,"The first crop of space mining companies didn‚Äôt work out, but a new generation is trying again",560,2022,https://www.cnbc.com/2022/10/09/space-mining-business-still-highly-speculative.html
Space,"Podcast: the search for extraterrestrial intelligent life is now looking for ""technosignatures"" like pollution",1.1k,2022,https://www.nytimes.com/2022/10/09/podcasts/the-daily/extraterrestrials-technosignatures.html
Robotics,Top robot companies pledge not to add weapons to their tech to avoid harm risk | Leading robotics firms promise not to add weapons to general use technology and said they would oppose others doing so,511,2022,https://www.theguardian.com/technology/2022/oct/07/killer-robots-companies-pledge-no-weapons
Space,"China reveals early designs for its ILRS Moonbase that it's naming ""Laurel Tree"". These envisage it would be housed underground in a lava tube, be built with inflatable arches as structural components, and use concrete made from lunar material.",12.8k,2022,https://www.scmp.com/news/china/science/article/3191291/chinese-space-designers-eye-moon-base-volcanic-caves-long-term
Robotics,"Opinion | In the Battle With Robots, Human Workers Are Winning",1.2k,2022,https://www.nytimes.com/2022/10/07/opinion/machines-ai-employment.html
Environment,"Toxic ‚Äòforever chemicals‚Äô detected in commonly used insecticides in US, study finds",15.7k,2022,https://www.theguardian.com/environment/2022/oct/07/forever-chemicals-found-insecticides-study
Environment,World‚Äôs first floating pod homes launched in Panama,2.4k,2022,https://www.thenationalnews.com/travel/news/2022/08/23/worlds-first-floating-pod-homes-launched-in-panama-starting-at-295000/
AI,AI tool can scan your retina and predict your risk of heart disease ‚Äòin 60 seconds or less‚Äô,11.4k,2022,https://www.theverge.com/2022/10/7/23392375/ai-scan-retina-predict-heart-disease-stroke-risk-machine-learning
Biotech,"Scientists Claim to Have Discovered the ""Secret Ingredient for Building Life""",722,2022,https://futurism.com/scientists-discovered-secret-ingredient-life
Biotech,A bold effort to cure HIV‚Äîusing Crispr,2.1k,2022,https://arstechnica.com/science/2022/10/a-bold-effort-to-cure-hiv-using-crispr/
Energy,"Form Energy, a company that says it's Iron-Air grid batteries that can hold charge for 3-5 days, and at a tenth of the cost of Lithium-Ion batteries, has received $450 million in funding to go commercial. The batteries are based around rusting and de-rusting cheap iron pellets.",1.8k,2022,https://cleantechnica.com/2022/10/06/form-energy-raises-450-million-in-latest-funding-round/
Society,American Christianity Is on a Path Toward Being a Tool of Theocratic Authoritarianism,39.3k,2022,https://newrepublic.com/article/167972/american-christianity-path-toward-tool-theocratic-authoritarianism
Economics,The Climate Economy Is About to Explode: New report suggests that the Inflation Reduction Act could be even bigger than Congress thinks.,2.7k,2022,https://www.theatlantic.com/science/archive/2022/10/inflation-reduction-act-climate-economy/671659/?utm_source=feed
Robotics,Exclusive: Boston Dynamics pledges not to weaponize its robots,42.3k,2022,https://www.axios.com/2022/10/06/boston-dynamics-pledges-weaponize-robots
Society,White House Releases Blueprint for Artificial Intelligence Bill of Rights,2.2k,2022,https://petapixel.com/2022/10/04/white-house-releases-blueprint-for-artificial-intelligence-bill-of-rights/
Society,A Florida community built to weather hurricanes endure,1.2k,2022,https://www.npr.org/2022/10/05/1126900340/florida-community-designed-weather-hurricane-ian-babcock-ranch-solar
Environment,Worm's saliva found to break down plastic in major pollution breakthrough | Climate News,9.9k,2022,https://news.sky.com/story/worms-saliva-found-to-break-down-plastic-in-major-pollution-breakthrough-12712583
Energy,Renewables met 100% of the rise in global electricity demand in the first half of 2022,9.4k,2022,https://electrek.co/2022/10/04/renewables-global-electricity/
Energy,Many scientists see fusion as the future of energy ‚Äì and they're betting big.,1.3k,2022,https://www.nationalgeographic.co.uk/science-and-technology/2022/10/many-scientists-see-fusion-as-the-future-of-energy-and-theyre-betting-big
Biotech,No-Kill Burgers? US Firms Eye Green Light to Sell Lab-Grown Meat,3.1k,2022,https://about.bgov.com/news/no-kill-burgers-us-firms-eye-green-light-to-sell-lab-grown-meat/
Transport,Giant supertanker uses 9.8% less fuel thanks to 130-foot sails,18.2k,2022,https://newatlas.com/marine/new-aden-supertanker-sails/
Robotics,"Robots are making French fries faster, better than humans",2.5k,2022,https://www.reuters.com/technology/want-fries-with-that-robot-makes-french-fries-faster-better-than-humans-do-2022-10-04/
AI,EU votes to force all phones to use same charger by 2024,958,2022,https://theguardian.com/world/2022/oct/04/eu-votes-to-force-all-phones-to-use-same-charger-by-2024
Society,"Georgia doctor implants one of the first wireless, dual chamber pacemakers: New type of pacemaker is safer option than traditional surgery",1.9k,2022,https://t.uga.edu/8sX
Society,U.S. plans new limits on tech sent to Chinese firms,639,2022,https://www.japantimes.co.jp/news/2022/10/04/world/politics-diplomacy-world/us-limits-tech-to-chinese/
Robotics,How John Deere plans to build a world of fully autonomous farming by 2030,6.8k,2022,https://www.cnbc.com/2022/10/02/how-deere-plans-to-build-a-world-of-fully-autonomous-farming-by-2030.html
Society,Inside one of the world‚Äôs first human composting facilities,1.1k,2022,https://www.theverge.com/c/23307867/human-composting-process-return-home
Energy,Solar power world record broken with ‚Äòmiracle material‚Äô,2.1k,2022,https://www.independent.co.uk/tech/solar-power-record-perovskite-renewable-energy-b2191443.html
Environment,‚ÄòA growing machine‚Äô: Scotland looks to vertical farming to boost tree stocks. Hydroponics unit can produce saplings six times faster than it takes to grow them naturally outdoors.,1.6k,2022,https://www.theguardian.com/environment/2022/oct/01/scotland-vertical-farming-boost-tree-stocks-hydroponics
Biotech,Cambridge cancer breakthrough may prompt rethink of metastasis,956,2022,https://newatlas.com/medical/cancer-metastasis-breakthrough-rethink/
Energy,This 100% solar community endured Hurricane Ian with no loss of power and minimal damage,29.4k,2022,https://www.cnn.com/2022/10/02/us/solar-babcock-ranch-florida-hurricane-ian-climate/index.html
Energy,Could offshore wind sites host edible seaweed farms? The Swedes think so,1.2k,2022,https://electrek.co/2022/09/30/offshore-wind-seaweed-farms/
Environment,Supreme Court to hear case that could have massive impact on US water quality,2.3k,2022,https://thehill.com/policy/energy-environment/3669504-supreme-court-to-hear-case-that-could-have-massive-impact-on-us-water-quality/
Biotech,Sensor breakthrough brings us closer to blood glucose monitoring on wearables,7.9k,2022,https://www.digitaltrends.com/mobile/non-invasive-blood-glucose-measurement-wearables-breakthrough/
Robotics,"""Robotic surgery is a game changer for minimally invasive surgery"" - More and more surgeons are using robotic surgical systems. Here‚Äôs why. ü§ñ",737,2022,https://www.freethink.com/technology/minimally-invasive-surgery
Biotech,Could offshore wind sites host edible seaweed farms? The Swedes think so,2.0k,2022,https://electrek.co/2022/09/30/offshore-wind-seaweed-farms/
Energy,"The US's National Renewable Energy Laboratory wants to make decentralized microgrids as simple to set up and operate as diesel generators, and has created a prototype that is much simpler than existing microgrid technology.",3.9k,2022,https://techxplore.com/news/2022-09-communication-less-scheme-microgrid-setup-recovery.html?utm_source=nwletter&utm_medium=email&utm_campaign=daily-nwletter
Environment,"In a first, U.S. appoints a diplomat for plants and animals",22.2k,2022,https://www.washingtonpost.com/politics/2022/09/29/first-us-appoints-diplomat-plants-animals/
Robotics,"Tesla robot walks, waves, but doesn't show off complex tasks",1.0k,2022,https://apnews.com/article/elon-musk-technology-business-artificial-intelligence-tesla-inc-217a2a3320bb0f2e78224994f15ffb11?utm_source=homepage&utm_medium=TopNews&utm_campaign=position_09
Environment,Livin Farms‚Äô investors are betting $5.8M on powdered fly larvae,1.1k,2022,https://techcrunch.com/2022/09/27/livin-farms-fly-larvae-powder/
Energy,"The world's largest flow battery has started operation in Dalian, China with a capacity of 100 MW/400 MWh, and is designed to help the city handle its solar/wind intermittency with longer term grid storage ability than lithium-ion batteries.",3.8k,2022,https://cosmosmagazine.com/technology/flow-battery-china/
Environment,"New York to Ban New Gas-Powered Vehicles, Following California's Lead | By 2035, all new cars sold in the state will be required to be zero-emissions. The change will likely rapidly boost electric vehicle sales.",19.7k,2022,https://gizmodo.com/new-york-ban-gas-powered-cars-1849597617
Space,China drops Russia from its plans for the International Lunar Research Station and instead invites collaboration from other countries.,35.9k,2022,https://spacenews.com/china-seeks-new-partners-for-lunar-and-deep-space-exploration/
Biotech,The CIA Just Invested in Woolly Mammoth Resurrection Technology,2.2k,2022,https://theintercept.com/2022/09/28/cia-extinction-woolly-mammoth-dna/
Biotech,"Heart built from the scaffolding of a pig and the patient's cells, may soon be ready for transplant into humans",708,2022,https://www.cnn.com/2022/06/01/health/ghost-heart-life-itself-wellness/index.html
Society,85% of the world's population will live in the grip of stringent austerity measures by next year,13.1k,2022,https://www.oxfam.org/en/press-releases/85-worlds-population-will-live-grip-stringent-austerity-measures-next-year
Environment,"""The National Hurricane Center had to redo their storm surge projection map. They didn't have a color for 12 to 18 feet... That water is not just going to go away."" Florida Senator Marco Rubio shares his top concerns as Hurricane Ian ravages his state",2.3k,2022,https://www.cnn.com/videos/tv/2022/09/28/the-lead-senator-marco-rubio-live.cnn
Transport,Carmakers‚Äô global emissions 50% higher than reported,535,2022,https://www.transportenvironment.org/discover/carmakers-lifetime-emissions-50-higher-than-reported/
Transport,"World‚Äôs first all-electric passenger plane takes to the skies: 9-passenger aircraft reaches an altitude of 3,500 ft",1.7k,2022,https://www.geekwire.com/2022/eviation-all-electric-alice-airplane-first-flight-test/
Biotech,"""Oxford‚Äôs malaria vaccine provided over 75% protection for two years with a booster."" - Breakthrough drug could save hundreds of thousands of children‚Äôs lives üéâ",7.6k,2022,https://www.freethink.com/health/oxfords-malaria-vaccine
Biotech,Scientists in Singapore say they have made a major breakthrough in producing lab-grown meat simpler and more cheaply than present techniques. They have used magnetic fields to replace the need for fetal bovine serum (FBS) from dead cows.,2.6k,2022,https://news.nus.edu.sg/novel-technique-to-grow-meat-in-the-lab-using-magnetic-field/
Space,"Phosphine is produced by bacteria in the swamps of Earth. For some reason it's also floating around the atmosphere of Venus. Two years ago this discover led to skepticism, but after multiple confirmations, 6 spacecraft are now scheduled to visit ""the forgotten planet"" for the first time in 30 years.",1.7k,2022,https://www.supercluster.com/editorial/detection-of-venus-phosphine-survives-heavy-scrutiny
Discussion,"FCC advances plan to require blocking of spam texts from bogus numbers | Robotext plan approved after a year, but FCC still needs to adopt final rules.",2.2k,2022,https://arstechnica.com/tech-policy/2022/09/fcc-advances-plan-to-require-blocking-of-spam-texts-from-bogus-numbers/
Robotics,Tiny Robots Have Successfully Cleared Pneumonia From The Lungs of Mice,20.0k,2022,https://www.sciencealert.com/tiny-robots-have-successfully-cleared-pneumonia-from-the-lungs-of-mice
Robotics,"Engineers discover new process for synthetic material growth, enabling soft robots that grow like plants",644,2022,https://www.newswise.com/articles/engineers-discover-new-process-for-synthetic-material-growth-enabling-soft-robots-that-grow-like-plants
Biotech,Is the world ready for extremely effective weight-loss drugs?,2.2k,2022,https://www.gq-magazine.co.uk/lifestyle/article/weight-loss-drugs-tirzepatide/amp
Space,"NASA successfully smacked its DART spacecraft into an asteroid. The vending machine-sized impactor vehicle was travelling at roughly 14,000 MPH when it struck.",8.8k,2022,https://www.engadget.com/nasa-successfully-smacked-its-dart-impactor-spacecraft-into-an-asteroid-231706710.html
Society,"No one in physics dares say so, but the race to invent new particles is pointless | Sabine Hossenfelder",1.3k,2022,https://www.theguardian.com/commentisfree/2022/sep/26/physics-particles-physicists#comments
Environment,"California Has Legalized Human Composting: By 2027, Golden State residents will have the choice to turn their bodies into nutrient-rich compost.",16.3k,2022,https://www.smithsonianmag.com/smart-news/california-has-legalized-human-composting-180980809/
Robotics,Chipotle Mexican Grill will test robotic tortilla chip maker ‚ÄòChippy‚Äô in California restaurant,691,2022,https://www.cnbc.com/2022/09/27/chipotle-mexican-grill-will-test-robotic-tortilla-chip-maker-.html
AI,"Artificial intelligence reduces a 100,000-equation quantum physics problem to only four equations",4.5k,2022,https://phys.org/news/2022-09-artificial-intelligence-equation-quantum-physics.html
Energy,"Feds commit $50 million to for-profit nuclear fusion companies, chasing the 'holy grail' of clean energy",3.2k,2022,https://www.cnbc.com/2022/09/26/feds-commit-50-million-to-for-profit-nuclear-fusion-companies.html
Energy,Offshore Wind 125 Times Better for Taxpayers Compared to Oil and Gas | A report finds per-acre revenue from offshore wind blows oil and gas out of the water.,10.6k,2022,https://gizmodo.com/offshore-wind-125-times-better-for-taxpayers-compared-t-1849580075
Biotech,"A Major Win For Women's Health, A new Indian cervical cancer vaccine with a 90% efficacy, that's roughly 87% less expensive ‚Äî it's a ""game-changer"" üéâ",20.4k,2022,https://www.reuters.com/business/healthcare-pharmaceuticals/india-develops-its-first-cervical-cancer-vaccine-2022-09-01/
Biotech,The US is launching a trial for blood tests that promise to catch cancers earlier,6.4k,2022,https://www.technologyreview.com/2022/09/12/1059266/us-trial-cancer-blood-tests-early-detection/
Environment,"Really Good Article: In the End, Climate Change Is the Only Story That Matters",9.4k,2022,https://www.esquire.com/news-politics/politics/a41355745/hurricane-fiona-climate-change/
Energy,"The second largest electric school bus fleet in the US just crossed 500,000 service miles",8.2k,2022,https://electrek.co/2022/09/23/second-largest-us-electric-school-bus-fleet-just-crossed-500k-miles/
Energy,Australia's huge new nickel+copper mine - two items needed heavily for EVs and solar power - will host world's biggest renewable micro-grid,1.2k,2022,https://reneweconomy.com.au/huge-new-nickel-mine-aims-for-100-pct-renewables-with-worlds-biggest-renewable-micro-grid/
Society,A Cancer-Fighting Version of Herpes Shows Promise in Early Human Trial,13.2k,2022,https://gizmodo.com/herpes-virus-cancer-treatment-rp2-1849574410
Environment,Insect protein maker raises $250 million in funding round,3.5k,2022,https://www.foodbusinessnews.net/articles/22279-insect-protein-maker-raises-250-million-in-funding-round
Biotech,"""Humanity stands on the threshold of being able to prevent multimorbidity and age-associated diseases by addressing the underlying biology of ageing; parallels with the era of antibiotics do not seem unduly hyperbolic"" | Professor Cox, Faragher",1.4k,2022,https://www.thelancet.com/journals/lanhl/article/PIIS2666-7568(22)00095-2/fulltext#%20
Transport,Mercedes‚Äô F1 team cut its freight emissions by 89% with biofuel switch,5.0k,2022,https://arstechnica.com/cars/2022/09/mercedes-f1-team-cut-its-freight-emissions-by-89-with-biofuel-switch/
Environment,"A Dutch NGO that has cleaned up 1/1000th of the plastic in the Great Pacific Garbage Patch, says its technology can scale up to eliminate it completely.",45.3k,2022,https://theoceancleanup.com/updates/first-100000-kg-removed-from-the-great-pacific-garbage-patch/
Space,"DART asteroid-smashing mission 'on track for an impact' Monday, NASA says | This is humanity's first attempt to determine if we could alter the course of an asteroid, a feat that might one day be required to save human civilization",4.9k,2022,https://www.space.com/dart-asteroid-mission-on-track-for-impact
Environment,Scientists Find a New Coronavirus in Bats That Is Resistant to Current Vaccines,3.2k,2022,https://time.com/6215810/coronavirus-bats-russia-vaccine-resistant/
Energy,"Britain to cut red tape for offshore wind, oil and gas",644,2022,https://www.bloomberg.com/news/articles/2022-09-23/uk-government-to-relax-planning-rules-for-onshore-wind
Environment,"COVID raises risk of long-term brain injury, large U.S. study finds",8.9k,2022,https://www.reuters.com/business/healthcare-pharmaceuticals/covid-raises-risk-long-term-brain-injury-large-us-study-finds-2022-09-22/
Transport,EVs on track for 13% global market share in 2022 says IEA,911,2022,https://www.cnbc.com/2022/09/23/electric-vehicle-ev-sales-set-to-hit-an-all-time-high-in-2022-iea-says.html
Energy,"The pathway to 90% clean electricity is mostly clear. The last 10%, not so much",1.9k,2022,https://arstechnica.com/science/2022/09/the-pathway-to-90-clean-electricity-is-mostly-clear-the-last-10-not-so-much/
Society,Florida asks Supreme Court to rule on its controversial social media law,2.9k,2022,https://edition.cnn.com/2022/09/21/tech/florida-supreme-court-social-media/index.html
Energy,US installs record solar capacity as prices keep falling,11.0k,2022,https://arstechnica.com/science/2022/09/us-installs-record-solar-capacity-as-prices-keep-falling/
Society,"As experts fear that post-pandemic grief could metastasize into a public health crisis, workplaces lack policies and safe spaces to support workers.",1.4k,2022,https://www.welcometothejungle.com/en/articles/dealing-with-grief-and-loss-at-work
Space,The JWST's Data Is So Incredible That Even Those Who Built It Are Questioning Previous Science,663,2022,https://futurism.com/garth-illingworth-james-webb
3DPrint,Scientists can now build structures with swarms of flying drones.,765,2022,https://www.globalconstructionreview.com/scientists-can-now-build-structures-with-swarms-of-flying-drones/
Environment,"Connecticut to Require Schools to Teach Climate Change, Becomes One of the First States to Mandate Climate Education",53.7k,2022,https://www.theplanetarypress.com/2022/09/connecticut-becomes-one-of-the-first-states-to-require-schools-to-teach-climate-change/
Computing,US Military Annoyed When Facebook and Twitter Removed Its PSYOP Bots,6.7k,2022,https://futurism.com/the-byte/us-military-social-psyop-bots?utm_souce=mailchimp&utm_medium=email&utm_campaign=09202022&utm_source=The+Future+Is&utm_campaign=72d4d5597d-EMAIL_CAMPAIGN_2022_09_20_10_11&utm_medium=email&utm_term=0_03cd0a26cd-72d4d5597d-250017521&ct=t()&mc_cid=72d4d5597d&mc_eid=f771900387
Environment,"Human Composting Now Legal in California | Compared to cremation, turning your body into mulch keeps a surprising amount of CO2 out of the atmosphere.",12.0k,2022,https://gizmodo.com/human-composting-green-burial-california-1849558091
Environment,Elite French Engineering School Graduates Plan to Save The Climate By Infiltrating the State.,12.1k,2022,https://www-lemonde-fr.translate.goog/campus/article/2022/09/20/des-polytechniciens-ecolos-a-l-assaut-des-hautes-spheres-de-l-etat_6142357_4401467.html?_x_tr_sl=auto&_x_tr_tl=en&_x_tr_hl=fr
Computing,Quantum Breakthrough: Researchers Demonstrate Full Control of a Three-Qubit System,765,2022,https://scitechdaily.com/quantum-breakthrough-researchers-demonstrate-full-control-of-a-three-qubit-system/
Environment,"The U.S. will officially phase down HFCs, gases trapping 1,000x more heat than CO2",1.8k,2022,https://www.npr.org/2022/09/20/1123433566/hydrofluorocarbons-banned-us
Transport,"How electric cars could rescue the US power grid: by 2035, batteries in California BEVs could power every home in the state for 3 days.",937,2022,https://arstechnica.com/cars/2022/09/how-electric-cars-could-rescue-the-us-power-grid/
Environment,UN chief Antonio Guterres tells rich countries to impose tax on fossil fuel firms 'feasting' on windfall profits | Climate News,610,2022,https://news.sky.com/story/un-chief-antonio-guterres-tells-rich-countries-to-impose-tax-on-fossil-fuel-firms-feasting-on-windfall-profits-12701867
Space,"Super-Earths are bigger, more common and more habitable than Earth itself ‚Äì and astronomers are discovering more of the billions they think are out there",20.3k,2022,https://theconversation.com/super-earths-are-bigger-more-common-and-more-habitable-than-earth-itself-and-astronomers-are-discovering-more-of-the-billions-they-think-are-out-there-190496
Space,"China To Start ""Space Tourism"" By 2025, With Tickets Costing About $350,000, Crossing The K√°rm√°n Line.",511,2022,https://www.inventiva.co.in/trends/china-to-start-space-tourism-by-2025-with-tickets-costing-about-350000-crossing-the-karman-line/
Biotech,Scientists Created 'Living' Synthetic Cells by Harvesting Bacteria For Parts : ScienceAlert,3.1k,2022,https://www.sciencealert.com/scientists-created-living-synthetic-cells-by-harvesting-bacteria-for-parts?utm_source=ScienceAlert+-+Daily+Email+Updates&utm_campaign=78601d00d9-RSS_EMAIL_CAMPAIGN&utm_medium=email&utm_term=0_fe5632fb09-78601d00d9-364810597
Environment,Dairy products produced by yeast instead of cows have the potential to become major disruptors and reduce the environmental burden of traditional dairy farming,25.7k,2022,https://www.theguardian.com/food/2022/sep/18/leading-the-whey-the-synthetic-milk-startups-shaking-up-the-dairy-industry
Energy,"Lockheed Martin breaks own record, delivers 300-kW laser weapon to US military | The 300 kilowatt-class laser can ""engage targets at more extended standoff ranges, and to kill them quicker"".",1.9k,2022,https://interestingengineering.com/innovation/lockheed-martin-breaks-own-record
Environment,Scientists warn South Florida coastal cities will be affected by sea level rise -,8.5k,2022,https://www.cbsnews.com/miami/news/scientists-warn-south-florida-coastal-cities-will-be-affected-by-sea-level-rise/
